TOT_DT,LINK_ID,LANE_NO,LANE_ANOMALY_THR,LANE_REC_ERROR,LANE_DET_RES,LINK_DET_RES
2025-09-20 14:39:00,SH001N0001_ACSR000001,1,0.00038071309,3.9823204e-05,0,0
2025-09-20 14:39:00,SH001N0001_ACSR000001,2,2.300415e-05,2.300415e-05,0,0
2025-09-20 14:39:00,SH001N0001_ACSR000001,3,2.300415e-05,2.300415e-05,0,0
2025-09-20 14:39:00,SH001N0001_ACSR000001,4,2.300415e-05,2.300415e-05,0,0
2025-09-20 14:39:00,SH001N0001_ACSR000001,5,2.300415e-05,2.300415e-05,0,0
2025-09-20 14:39:00,SH001N0001_ACSR000001,6,2.300415e-05,2.300415e-05,0,0
2025-09-20 14:39:00,SH001N0001_ACSR000001,7,2.300415e-05,2.300415e-05,0,0
2025-09-20 14:39:00,SH001N0001_ACSR000001,8,2.300415e-05,2.300415e-05,0,0
2025-09-20 14:39:00,SH001N0001_ACSR000001,9,2.300415e-05,2.300415e-05,0,0
2025-09-20 14:39:00,SH001N0001_ACSR000002,1,4.4579803e-05,4.4579803e-05,0,1
2025-09-20 14:39:00,SH001N0001_ACSR000002,2,0.0010220793,5.2080177e-05,0,1
2025-09-20 14:39:00,SH001N0001_ACSR000002,3,0.0005220891,0.00019573043,0,1
2025-09-20 14:39:00,SH001N0001_ACSR000002,4,0.00019731381,0.00020849738,1,1
2025-09-20 14:39:00,SH001N0001_ACSR000002,5,0.00046946693,0.0015500963,1,1
2025-09-20 14:39:00,SH001N0001_ACSR000002,6,2.300415e-05,2.300415e-05,0,1
2025-09-20 14:39:00,SH001N0001_ACSR000002,7,2.300415e-05,2.300415e-05,0,1
2025-09-20 14:39:00,SH001N0001_ACSR000002,8,2.300415e-05,2.300415e-05,0,1
2025-09-20 14:39:00,SH001N0001_ACSR000002,9,2.300415e-05,2.300415e-05,0,1
2025-09-20 14:39:00,SH001N0001_ACSR000003,1,0.0018861525,8.139192e-05,0,1
2025-09-20 14:39:00,SH001N0001_ACSR000003,2,0.00034933636,0.0003879155,1,1
2025-09-20 14:39:00,SH001N0001_ACSR000003,3,0.0024747043,0.00013712602,0,1
2025-09-20 14:39:00,SH001N0001_ACSR000003,4,0.00033882444,0.00014463361,0,1
2025-09-20 14:39:00,SH001N0001_ACSR000003,5,2.300415e-05,2.300415e-05,0,1
2025-09-20 14:39:00,SH001N0001_ACSR000003,6,2.300415e-05,2.300415e-05,0,1
2025-09-20 14:39:00,SH001N0001_ACSR000003,7,2.300415e-05,2.300415e-05,0,1
2025-09-20 14:39:00,SH001N0001_ACSR000003,8,2.300415e-05,2.300415e-05,0,1
2025-09-20 14:39:00,SH001N0001_ACSR000003,9,2.300415e-05,2.300415e-05,0,1
2025-09-20 14:39:00,SH001N0002_ACSR000001,1,0.0028215623,0.00014487776,0,0
2025-09-20 14:39:00,SH001N0002_ACSR000001,2,0.0030828281,5.624599e-05,0,0
2025-09-20 14:39:00,SH001N0002_ACSR000001,3,0.00025378,9.805613e-05,0,0
2025-09-20 14:39:00,SH001N0002_ACSR000001,4,0.00029203205,0.00014610405,0,0
2025-09-20 14:39:00,SH001N0002_ACSR000001,5,2.300415e-05,2.300415e-05,0,0
2025-09-20 14:39:00,SH001N0002_ACSR000001,6,2.300415e-05,2.300415e-05,0,0
2025-09-20 14:39:00,SH001N0002_ACSR000001,7,2.300415e-05,2.300415e-05,0,0
2025-09-20 14:39:00,SH001N0002_ACSR000001,8,2.300415e-05,2.300415e-05,0,0
2025-09-20 14:39:00,SH001N0002_ACSR000001,9,2.300415e-05,2.300415e-05,0,0
2025-09-20 14:39:00,SH001N0002_ACSR000002,1,0.0027367675,0.00028950672,0,0
2025-09-20 14:39:00,SH001N0002_ACSR000002,2,0.0006986803,5.332204e-05,0,0
2025-09-20 14:39:00,SH001N0002_ACSR000002,3,2.300415e-05,2.300415e-05,0,0
2025-09-20 14:39:00,SH001N0002_ACSR000002,4,2.300415e-05,2.300415e-05,0,0
2025-09-20 14:39:00,SH001N0002_ACSR000002,5,2.300415e-05,2.300415e-05,0,0
2025-09-20 14:39:00,SH001N0002_ACSR000002,6,2.300415e-05,2.300415e-05,0,0
2025-09-20 14:39:00,SH001N0002_ACSR000002,7,2.300415e-05,2.300415e-05,0,0
2025-09-20 14:39:00,SH001N0002_ACSR000002,8,2.300415e-05,2.300415e-05,0,0
2025-09-20 14:39:00,SH001N0002_ACSR000002,9,2.300415e-05,2.300415e-05,0,0
2025-09-20 14:39:00,SH001N0002_ACSR000003,1,0.00011871653,0.00016195803,1,1
2025-09-20 14:39:00,SH001N0002_ACSR000003,2,0.00022551104,9.629885e-05,0,1
2025-09-20 14:39:00,SH001N0002_ACSR000003,3,0.0004073756,0.00061297376,1,1
2025-09-20 14:39:00,SH001N0002_ACSR000003,4,0.000296935,0.00014049154,0,1
2025-09-20 14:39:00,SH001N0002_ACSR000003,5,2.300415e-05,2.300415e-05,0,1
2025-09-20 14:39:00,SH001N0002_ACSR000003,6,2.300415e-05,2.300415e-05,0,1
2025-09-20 14:39:00,SH001N0002_ACSR000003,7,2.300415e-05,2.300415e-05,0,1
2025-09-20 14:39:00,SH001N0002_ACSR000003,8,2.300415e-05,2.300415e-05,0,1
2025-09-20 14:39:00,SH001N0002_ACSR000003,9,2.300415e-05,2.300415e-05,0,1
2025-09-20 14:39:00,SH001N0002_ACSR000004,1,0.0017943471,3.565346e-05,0,0
2025-09-20 14:39:00,SH001N0002_ACSR000004,2,0.005288389,0.000105745785,0,0
2025-09-20 14:39:00,SH001N0002_ACSR000004,3,2.300415e-05,2.300415e-05,0,0
2025-09-20 14:39:00,SH001N0002_ACSR000004,4,2.300415e-05,2.300415e-05,0,0
2025-09-20 14:39:00,SH001N0002_ACSR000004,5,2.300415e-05,2.300415e-05,0,0
2025-09-20 14:39:00,SH001N0002_ACSR000004,6,2.300415e-05,2.300415e-05,0,0
2025-09-20 14:39:00,SH001N0002_ACSR000004,7,2.300415e-05,2.300415e-05,0,0
2025-09-20 14:39:00,SH001N0002_ACSR000004,8,2.300415e-05,2.300415e-05,0,0
2025-09-20 14:39:00,SH001N0002_ACSR000004,9,2.300415e-05,2.300415e-05,0,0
2025-09-20 14:39:00,SH001N0003_ACSR000001,1,0.0005296026,0.0003549314,0,0
2025-09-20 14:39:00,SH001N0003_ACSR000001,2,2.300415e-05,2.300415e-05,0,0
2025-09-20 14:39:00,SH001N0003_ACSR000001,3,2.300415e-05,2.300415e-05,0,0
2025-09-20 14:39:00,SH001N0003_ACSR000001,4,2.300415e-05,2.300415e-05,0,0
2025-09-20 14:39:00,SH001N0003_ACSR000001,5,2.300415e-05,2.300415e-05,0,0
2025-09-20 14:39:00,SH001N0003_ACSR000001,6,2.300415e-05,2.300415e-05,0,0
2025-09-20 14:39:00,SH001N0003_ACSR000001,7,2.300415e-05,2.300415e-05,0,0
2025-09-20 14:39:00,SH001N0003_ACSR000001,8,2.300415e-05,2.300415e-05,0,0
2025-09-20 14:39:00,SH001N0003_ACSR000001,9,2.300415e-05,2.300415e-05,0,0
2025-09-20 14:39:00,SH001N0003_ACSR000002,1,0.00047819424,0.00035319998,0,1
2025-09-20 14:39:00,SH001N0003_ACSR000002,2,0.00013858355,2.0743515,1,1
2025-09-20 14:39:00,SH001N0003_ACSR000002,3,0.0018634546,0.00036305905,0,1
2025-09-20 14:39:00,SH001N0003_ACSR000002,4,6.54113e-05,6.54113e-05,0,1
2025-09-20 14:39:00,SH001N0003_ACSR000002,5,2.300415e-05,2.300415e-05,0,1
2025-09-20 14:39:00,SH001N0003_ACSR000002,6,2.300415e-05,2.300415e-05,0,1
2025-09-20 14:39:00,SH001N0003_ACSR000002,7,2.300415e-05,2.300415e-05,0,1
2025-09-20 14:39:00,SH001N0003_ACSR000002,8,2.300415e-05,2.300415e-05,0,1
2025-09-20 14:39:00,SH001N0003_ACSR000002,9,2.300415e-05,2.300415e-05,0,1
2025-09-20 14:39:00,SH001N0003_ACSR000003,1,0.0006002566,0.00017414293,0,0
2025-09-20 14:39:00,SH001N0003_ACSR000003,2,2.300415e-05,2.300415e-05,0,0
2025-09-20 14:39:00,SH001N0003_ACSR000003,3,2.300415e-05,2.300415e-05,0,0
2025-09-20 14:39:00,SH001N0003_ACSR000003,4,2.300415e-05,2.300415e-05,0,0
2025-09-20 14:39:00,SH001N0003_ACSR000003,5,2.300415e-05,2.300415e-05,0,0
2025-09-20 14:39:00,SH001N0003_ACSR000003,6,2.300415e-05,2.300415e-05,0,0
2025-09-20 14:39:00,SH001N0003_ACSR000003,7,2.300415e-05,2.300415e-05,0,0
2025-09-20 14:39:00,SH001N0003_ACSR000003,8,2.300415e-05,2.300415e-05,0,0
2025-09-20 14:39:00,SH001N0003_ACSR000003,9,2.300415e-05,2.300415e-05,0,0
2025-09-20 14:39:00,SH001N0003_ACSR000004,1,0.00014826989,0.00029353536,1,1
2025-09-20 14:39:00,SH001N0003_ACSR000004,2,0.00170883,9.258249e-05,0,1
2025-09-20 14:39:00,SH001N0003_ACSR000004,3,0.00054198096,0.00014473386,0,1
2025-09-20 14:39:00,SH001N0003_ACSR000004,4,0.00029772942,9.6430136e-05,0,1
2025-09-20 14:39:00,SH001N0003_ACSR000004,5,2.300415e-05,2.300415e-05,0,1
2025-09-20 14:39:00,SH001N0003_ACSR000004,6,2.300415e-05,2.300415e-05,0,1
2025-09-20 14:39:00,SH001N0003_ACSR000004,7,2.300415e-05,2.300415e-05,0,1
2025-09-20 14:39:00,SH001N0003_ACSR000004,8,2.300415e-05,2.300415e-05,0,1
2025-09-20 14:39:00,SH001N0003_ACSR000004,9,2.300415e-05,2.300415e-05,0,1
2025-09-20 14:39:00,SH001N0004_ACSR000001,1,0.000107615844,0.00011054737,1,1
2025-09-20 14:39:00,SH001N0004_ACSR000001,2,0.00019064374,0.00013149815,0,1
2025-09-20 14:39:00,SH001N0004_ACSR000001,3,0.00040491193,0.00016223297,0,1
2025-09-20 14:39:00,SH001N0004_ACSR000001,4,0.00013911711,0.00012598654,0,1
2025-09-20 14:39:00,SH001N0004_ACSR000001,5,0.00020039358,0.00052769535,1,1
2025-09-20 14:39:00,SH001N0004_ACSR000001,6,0.00020323301,0.0003232984,1,1
2025-09-20 14:39:00,SH001N0004_ACSR000001,7,0.00062345807,0.00079228304,1,1
2025-09-20 14:39:00,SH001N0004_ACSR000001,8,0.0032740694,0.00033569054,0,1
2025-09-20 14:39:00,SH001N0004_ACSR000001,9,0.005417026,0.0002567684,0,1
2025-09-20 14:39:00,SH001N0004_ACSR000002,1,0.00013049506,6.0791255e-05,0,0
2025-09-20 14:39:00,SH001N0004_ACSR000002,2,0.00020509934,9.188701e-05,0,0
2025-09-20 14:39:00,SH001N0004_ACSR000002,3,0.00028155092,0.00021194933,0,0
2025-09-20 14:39:00,SH001N0004_ACSR000002,4,0.0005412383,0.00010704397,0,0
2025-09-20 14:39:00,SH001N0004_ACSR000002,5,2.300415e-05,2.300415e-05,0,0
2025-09-20 14:39:00,SH001N0004_ACSR000002,6,2.300415e-05,2.300415e-05,0,0
2025-09-20 14:39:00,SH001N0004_ACSR000002,7,2.300415e-05,2.300415e-05,0,0
2025-09-20 14:39:00,SH001N0004_ACSR000002,8,2.300415e-05,2.300415e-05,0,0
2025-09-20 14:39:00,SH001N0004_ACSR000002,9,2.300415e-05,2.300415e-05,0,0
2025-09-20 14:39:00,SH001N0004_ACSR000003,1,0.0002114673,0.00011996577,0,0
2025-09-20 14:39:00,SH001N0004_ACSR000003,2,0.00016113873,0.00011102333,0,0
2025-09-20 14:39:00,SH001N0004_ACSR000003,3,0.0002885378,0.00019541127,0,0
2025-09-20 14:39:00,SH001N0004_ACSR000003,4,0.00024027562,0.0002208911,0,0
2025-09-20 14:39:00,SH001N0004_ACSR000003,5,0.00024692895,0.0001767043,0,0
2025-09-20 14:39:00,SH001N0004_ACSR000003,6,0.00022499291,0.00020419194,0,0
2025-09-20 14:39:00,SH001N0004_ACSR000003,7,0.00024380373,0.0001252086,0,0
2025-09-20 14:39:00,SH001N0004_ACSR000003,8,0.00021855455,0.0001578729,0,0
2025-09-20 14:39:00,SH001N0004_ACSR000003,9,0.0003422057,0.00014987036,0,0
2025-09-20 14:39:00,SH001N0004_ACSR000004,1,0.000258462,0.00015349251,0,0
2025-09-20 14:39:00,SH001N0004_ACSR000004,2,0.0066108373,3.609459e-05,0,0
2025-09-20 14:39:00,SH001N0004_ACSR000004,3,0.0021737532,0.00048191563,0,0
2025-09-20 14:39:00,SH001N0004_ACSR000004,4,0.00013920439,6.0189566e-05,0,0
2025-09-20 14:39:00,SH001N0004_ACSR000004,5,224.5528,0.00016542304,0,0
2025-09-20 14:39:00,SH001N0004_ACSR000004,6,2.300415e-05,2.300415e-05,0,0
2025-09-20 14:39:00,SH001N0004_ACSR000004,7,2.300415e-05,2.300415e-05,0,0
2025-09-20 14:39:00,SH001N0004_ACSR000004,8,2.300415e-05,2.300415e-05,0,0
2025-09-20 14:39:00,SH001N0004_ACSR000004,9,2.300415e-05,2.300415e-05,0,0
2025-09-20 14:39:00,SH001N0005_ACSR000001,1,0.000328126,0.001124763,1,1
2025-09-20 14:39:00,SH001N0005_ACSR000001,2,0.00021251569,2.2446753e-05,0,1
2025-09-20 14:39:00,SH001N0005_ACSR000001,3,0.00013916935,8.464763e-05,0,1
2025-09-20 14:39:00,SH001N0005_ACSR000001,4,2.300415e-05,2.300415e-05,0,1
2025-09-20 14:39:00,SH001N0005_ACSR000001,5,2.300415e-05,2.300415e-05,0,1
2025-09-20 14:39:00,SH001N0005_ACSR000001,6,2.300415e-05,2.300415e-05,0,1
2025-09-20 14:39:00,SH001N0005_ACSR000001,7,2.300415e-05,2.300415e-05,0,1
2025-09-20 14:39:00,SH001N0005_ACSR000001,8,2.300415e-05,2.300415e-05,0,1
2025-09-20 14:39:00,SH001N0005_ACSR000001,9,2.300415e-05,2.300415e-05,0,1
2025-09-20 14:39:00,SH001N0005_ACSR000003,1,0.00026015655,0.0054758033,1,1
2025-09-20 14:39:00,SH001N0005_ACSR000003,2,0.00037860387,9.158402e-05,0,1
2025-09-20 14:39:00,SH001N0005_ACSR000003,3,2.300415e-05,2.300415e-05,0,1
2025-09-20 14:39:00,SH001N0005_ACSR000003,4,2.300415e-05,2.300415e-05,0,1
2025-09-20 14:39:00,SH001N0005_ACSR000003,5,2.300415e-05,2.300415e-05,0,1
2025-09-20 14:39:00,SH001N0005_ACSR000003,6,2.300415e-05,2.300415e-05,0,1
2025-09-20 14:39:00,SH001N0005_ACSR000003,7,2.300415e-05,2.300415e-05,0,1
2025-09-20 14:39:00,SH001N0005_ACSR000003,8,2.300415e-05,2.300415e-05,0,1
2025-09-20 14:39:00,SH001N0005_ACSR000003,9,2.300415e-05,2.300415e-05,0,1
2025-09-20 14:39:00,SH001N0005_ACSR000004,1,4.478038e-05,4.478038e-05,0,0
2025-09-20 14:39:00,SH001N0005_ACSR000004,2,0.00014000713,5.6822842e-05,0,0
2025-09-20 14:39:00,SH001N0005_ACSR000004,3,0.00029584678,9.600693e-05,0,0
2025-09-20 14:39:00,SH001N0005_ACSR000004,4,0.0003480479,5.3129956e-05,0,0
2025-09-20 14:39:00,SH001N0005_ACSR000004,5,2.300415e-05,2.300415e-05,0,0
2025-09-20 14:39:00,SH001N0005_ACSR000004,6,2.300415e-05,2.300415e-05,0,0
2025-09-20 14:39:00,SH001N0005_ACSR000004,7,2.300415e-05,2.300415e-05,0,0
2025-09-20 14:39:00,SH001N0005_ACSR000004,8,2.300415e-05,2.300415e-05,0,0
2025-09-20 14:39:00,SH001N0005_ACSR000004,9,2.300415e-05,2.300415e-05,0,0
2025-09-20 14:39:00,SH001N0006_ACSR000001,1,0.00034454028,0.0012173472,1,1
2025-09-20 14:39:00,SH001N0006_ACSR000001,2,0.00048966985,0.00042616326,0,1
2025-09-20 14:39:00,SH001N0006_ACSR000001,3,0.00032595106,0.00090091635,1,1
2025-09-20 14:39:00,SH001N0006_ACSR000001,4,0.00015145841,0.00018301584,1,1
2025-09-20 14:39:00,SH001N0006_ACSR000001,5,19.948208,0.00043492747,0,1
2025-09-20 14:39:00,SH001N0006_ACSR000001,6,0.0013330334,0.0004960998,0,1
2025-09-20 14:39:00,SH001N0006_ACSR000001,7,0.00032129578,0.00032598703,1,1
2025-09-20 14:39:00,SH001N0006_ACSR000001,8,2.300415e-05,2.300415e-05,0,1
2025-09-20 14:39:00,SH001N0006_ACSR000001,9,2.300415e-05,2.300415e-05,0,1
2025-09-20 14:39:00,SH001N0006_ACSR000002,1,9.968532e-05,0.0002223339,1,1
2025-09-20 14:39:00,SH001N0006_ACSR000002,2,0.0002212156,0.00013972889,0,1
2025-09-20 14:39:00,SH001N0006_ACSR000002,3,0.0010363593,8.874979e-05,0,1
2025-09-20 14:39:00,SH001N0006_ACSR000002,4,2.300415e-05,2.300415e-05,0,1
2025-09-20 14:39:00,SH001N0006_ACSR000002,5,2.300415e-05,2.300415e-05,0,1
2025-09-20 14:39:00,SH001N0006_ACSR000002,6,2.300415e-05,2.300415e-05,0,1
2025-09-20 14:39:00,SH001N0006_ACSR000002,7,2.300415e-05,2.300415e-05,0,1
2025-09-20 14:39:00,SH001N0006_ACSR000002,8,2.300415e-05,2.300415e-05,0,1
2025-09-20 14:39:00,SH001N0006_ACSR000002,9,2.300415e-05,2.300415e-05,0,1
2025-09-20 14:39:00,SH001N0006_ACSR000003,1,0.00018093621,0.00017464372,0,0
2025-09-20 14:39:00,SH001N0006_ACSR000003,2,0.00024958534,0.00024954163,0,0
2025-09-20 14:39:00,SH001N0006_ACSR000003,3,0.0002146466,0.00015841644,0,0
2025-09-20 14:39:00,SH001N0006_ACSR000003,4,0.00014014957,9.254724e-05,0,0
2025-09-20 14:39:00,SH001N0006_ACSR000003,5,0.00021252787,7.106053e-05,0,0
2025-09-20 14:39:00,SH001N0006_ACSR000003,6,2.300415e-05,2.300415e-05,0,0
2025-09-20 14:39:00,SH001N0006_ACSR000003,7,2.300415e-05,2.300415e-05,0,0
2025-09-20 14:39:00,SH001N0006_ACSR000003,8,2.300415e-05,2.300415e-05,0,0
2025-09-20 14:39:00,SH001N0006_ACSR000003,9,2.300415e-05,2.300415e-05,0,0
2025-09-20 14:39:00,SH001N0006_ACSR000004,1,0.00020129056,8.682455e-05,0,1
2025-09-20 14:39:00,SH001N0006_ACSR000004,2,0.00019041497,0.0002576729,1,1
2025-09-20 14:39:00,SH001N0006_ACSR000004,3,0.0002728052,9.278032e-05,0,1
2025-09-20 14:39:00,SH001N0006_ACSR000004,4,2.300415e-05,2.300415e-05,0,1
2025-09-20 14:39:00,SH001N0006_ACSR000004,5,2.300415e-05,2.300415e-05,0,1
2025-09-20 14:39:00,SH001N0006_ACSR000004,6,2.300415e-05,2.300415e-05,0,1
2025-09-20 14:39:00,SH001N0006_ACSR000004,7,2.300415e-05,2.300415e-05,0,1
2025-09-20 14:39:00,SH001N0006_ACSR000004,8,2.300415e-05,2.300415e-05,0,1
2025-09-20 14:39:00,SH001N0006_ACSR000004,9,2.300415e-05,2.300415e-05,0,1
2025-09-20 14:39:00,SH001N0007_ACSR000001,1,0.00085618685,0.00018015105,0,0
2025-09-20 14:39:00,SH001N0007_ACSR000001,2,0.000463718,0.00011124449,0,0
2025-09-20 14:39:00,SH001N0007_ACSR000001,3,0.002191927,0.0010173534,0,0
2025-09-20 14:39:00,SH001N0007_ACSR000001,4,2.300415e-05,2.300415e-05,0,0
2025-09-20 14:39:00,SH001N0007_ACSR000001,5,2.300415e-05,2.300415e-05,0,0
2025-09-20 14:39:00,SH001N0007_ACSR000001,6,2.300415e-05,2.300415e-05,0,0
2025-09-20 14:39:00,SH001N0007_ACSR000001,7,2.300415e-05,2.300415e-05,0,0
2025-09-20 14:39:00,SH001N0007_ACSR000001,8,2.300415e-05,2.300415e-05,0,0
2025-09-20 14:39:00,SH001N0007_ACSR000001,9,2.300415e-05,2.300415e-05,0,0
2025-09-20 14:39:00,SH001N0007_ACSR000002,1,0.00011555157,5.458355e-05,0,0
2025-09-20 14:39:00,SH001N0007_ACSR000002,2,0.0023711293,0.0017841624,0,0
2025-09-20 14:39:00,SH001N0007_ACSR000002,3,0.0014241171,0.00041798234,0,0
2025-09-20 14:39:00,SH001N0007_ACSR000002,4,2.300415e-05,2.300415e-05,0,0
2025-09-20 14:39:00,SH001N0007_ACSR000002,5,2.300415e-05,2.300415e-05,0,0
2025-09-20 14:39:00,SH001N0007_ACSR000002,6,2.300415e-05,2.300415e-05,0,0
2025-09-20 14:39:00,SH001N0007_ACSR000002,7,2.300415e-05,2.300415e-05,0,0
2025-09-20 14:39:00,SH001N0007_ACSR000002,8,2.300415e-05,2.300415e-05,0,0
2025-09-20 14:39:00,SH001N0007_ACSR000002,9,2.300415e-05,2.300415e-05,0,0
2025-09-20 14:39:00,SH001N0007_ACSR000003,1,0.00035538277,2.8892247e-05,0,1
2025-09-20 14:39:00,SH001N0007_ACSR000003,2,0.00015499833,0.00021346995,1,1
2025-09-20 14:39:00,SH001N0007_ACSR000003,3,2.300415e-05,2.300415e-05,0,1
2025-09-20 14:39:00,SH001N0007_ACSR000003,4,2.300415e-05,2.300415e-05,0,1
2025-09-20 14:39:00,SH001N0007_ACSR000003,5,2.300415e-05,2.300415e-05,0,1
2025-09-20 14:39:00,SH001N0007_ACSR000003,6,2.300415e-05,2.300415e-05,0,1
2025-09-20 14:39:00,SH001N0007_ACSR000003,7,2.300415e-05,2.300415e-05,0,1
2025-09-20 14:39:00,SH001N0007_ACSR000003,8,2.300415e-05,2.300415e-05,0,1
2025-09-20 14:39:00,SH001N0007_ACSR000003,9,2.300415e-05,2.300415e-05,0,1
2025-09-20 14:39:00,SH001N0008_ACSR000001,1,0.0004959545,0.00016593949,0,1
2025-09-20 14:39:00,SH001N0008_ACSR000001,2,0.0008231991,0.00013661206,0,1
2025-09-20 14:39:00,SH001N0008_ACSR000001,3,0.0007913131,0.001186607,1,1
2025-09-20 14:39:00,SH001N0008_ACSR000001,4,0.00030408028,0.0001390735,0,1
2025-09-20 14:39:00,SH001N0008_ACSR000001,5,2.300415e-05,2.300415e-05,0,1
2025-09-20 14:39:00,SH001N0008_ACSR000001,6,2.300415e-05,2.300415e-05,0,1
2025-09-20 14:39:00,SH001N0008_ACSR000001,7,2.300415e-05,2.300415e-05,0,1
2025-09-20 14:39:00,SH001N0008_ACSR000001,8,2.300415e-05,2.300415e-05,0,1
2025-09-20 14:39:00,SH001N0008_ACSR000001,9,2.300415e-05,2.300415e-05,0,1
2025-09-20 14:39:00,SH001N0008_ACSR000002,1,0.012468369,0.00046340583,0,0
2025-09-20 14:39:00,SH001N0008_ACSR000002,2,0.00047772905,5.2424995e-05,0,0
2025-09-20 14:39:00,SH001N0008_ACSR000002,3,0.0003433796,0.0003433796,0,0
2025-09-20 14:39:00,SH001N0008_ACSR000002,4,0.00039904678,7.842596e-05,0,0
2025-09-20 14:39:00,SH001N0008_ACSR000002,5,2.300415e-05,2.300415e-05,0,0
2025-09-20 14:39:00,SH001N0008_ACSR000002,6,2.300415e-05,2.300415e-05,0,0
2025-09-20 14:39:00,SH001N0008_ACSR000002,7,2.300415e-05,2.300415e-05,0,0
2025-09-20 14:39:00,SH001N0008_ACSR000002,8,2.300415e-05,2.300415e-05,0,0
2025-09-20 14:39:00,SH001N0008_ACSR000002,9,2.300415e-05,2.300415e-05,0,0
2025-09-20 14:39:00,SH001N0008_ACSR000003,1,0.0007067883,0.0006062474,0,1
2025-09-20 14:39:00,SH001N0008_ACSR000003,2,0.00031517353,0.00041289386,1,1
2025-09-20 14:39:00,SH001N0008_ACSR000003,3,0.0041778483,0.00042657825,0,1
2025-09-20 14:39:00,SH001N0008_ACSR000003,4,0.00022518852,1.790375e-05,0,1
2025-09-20 14:39:00,SH001N0008_ACSR000003,5,0.000110625806,0.00018715806,1,1
2025-09-20 14:39:00,SH001N0008_ACSR000003,6,2.300415e-05,2.300415e-05,0,1
2025-09-20 14:39:00,SH001N0008_ACSR000003,7,2.300415e-05,2.300415e-05,0,1
2025-09-20 14:39:00,SH001N0008_ACSR000003,8,2.300415e-05,2.300415e-05,0,1
2025-09-20 14:39:00,SH001N0008_ACSR000003,9,2.300415e-05,2.300415e-05,0,1
2025-09-20 14:39:00,SH001N0009_ACSR000001,1,0.0001762705,0.00042871054,1,1
2025-09-20 14:39:00,SH001N0009_ACSR000001,2,0.0009704761,0.0002275297,0,1
2025-09-20 14:39:00,SH001N0009_ACSR000001,3,2.300415e-05,2.300415e-05,0,1
2025-09-20 14:39:00,SH001N0009_ACSR000001,4,2.300415e-05,2.300415e-05,0,1
2025-09-20 14:39:00,SH001N0009_ACSR000001,5,2.300415e-05,2.300415e-05,0,1
2025-09-20 14:39:00,SH001N0009_ACSR000001,6,2.300415e-05,2.300415e-05,0,1
2025-09-20 14:39:00,SH001N0009_ACSR000001,7,2.300415e-05,2.300415e-05,0,1
2025-09-20 14:39:00,SH001N0009_ACSR000001,8,2.300415e-05,2.300415e-05,0,1
2025-09-20 14:39:00,SH001N0009_ACSR000001,9,2.300415e-05,2.300415e-05,0,1
2025-09-20 14:39:00,SH001N0009_ACSR000002,1,0.00047292808,0.00025133422,0,0
2025-09-20 14:39:00,SH001N0009_ACSR000002,2,2.300415e-05,2.300415e-05,0,0
2025-09-20 14:39:00,SH001N0009_ACSR000002,3,0.00017748706,7.252572e-05,0,0
2025-09-20 14:39:00,SH001N0009_ACSR000002,4,0.0013738244,0.00010689437,0,0
2025-09-20 14:39:00,SH001N0009_ACSR000002,5,2.300415e-05,2.300415e-05,0,0
2025-09-20 14:39:00,SH001N0009_ACSR000002,6,2.300415e-05,2.300415e-05,0,0
2025-09-20 14:39:00,SH001N0009_ACSR000002,7,2.300415e-05,2.300415e-05,0,0
2025-09-20 14:39:00,SH001N0009_ACSR000002,8,2.300415e-05,2.300415e-05,0,0
2025-09-20 14:39:00,SH001N0009_ACSR000002,9,2.300415e-05,2.300415e-05,0,0
2025-09-20 14:39:00,SH001N0009_ACSR000003,1,0.0005005479,0.00021246685,0,1
2025-09-20 14:39:00,SH001N0009_ACSR000003,2,0.0010758549,0.000112666756,0,1
2025-09-20 14:39:00,SH001N0009_ACSR000003,3,0.0003814438,0.0003814438,0,1
2025-09-20 14:39:00,SH001N0009_ACSR000003,4,0.00031595412,0.0003935245,1,1
2025-09-20 14:39:00,SH001N0009_ACSR000003,5,2.300415e-05,2.300415e-05,0,1
2025-09-20 14:39:00,SH001N0009_ACSR000003,6,2.300415e-05,2.300415e-05,0,1
2025-09-20 14:39:00,SH001N0009_ACSR000003,7,2.300415e-05,2.300415e-05,0,1
2025-09-20 14:39:00,SH001N0009_ACSR000003,8,2.300415e-05,2.300415e-05,0,1
2025-09-20 14:39:00,SH001N0009_ACSR000003,9,2.300415e-05,2.300415e-05,0,1
2025-09-20 14:39:00,SH001N0009_ACSR000004,1,0.0008893049,0.00019855241,0,1
2025-09-20 14:39:00,SH001N0009_ACSR000004,2,2.300415e-05,2.300415e-05,0,1
2025-09-20 14:39:00,SH001N0009_ACSR000004,3,0.00021656182,0.00025464274,1,1
2025-09-20 14:39:00,SH001N0009_ACSR000004,4,0.0010838197,0.000103211125,0,1
2025-09-20 14:39:00,SH001N0009_ACSR000004,5,2.300415e-05,2.300415e-05,0,1
2025-09-20 14:39:00,SH001N0009_ACSR000004,6,2.300415e-05,2.300415e-05,0,1
2025-09-20 14:39:00,SH001N0009_ACSR000004,7,2.300415e-05,2.300415e-05,0,1
2025-09-20 14:39:00,SH001N0009_ACSR000004,8,2.300415e-05,2.300415e-05,0,1
2025-09-20 14:39:00,SH001N0009_ACSR000004,9,2.300415e-05,2.300415e-05,0,1
2025-09-20 14:39:00,SH001N0010_ACSR000001,1,0.00040873198,0.00011753279,0,1
2025-09-20 14:39:00,SH001N0010_ACSR000001,2,0.00027804877,0.00020471022,0,1
2025-09-20 14:39:00,SH001N0010_ACSR000001,3,0.005080112,0.046727378,1,1
2025-09-20 14:39:00,SH001N0010_ACSR000001,4,2.300415e-05,2.300415e-05,0,1
2025-09-20 14:39:00,SH001N0010_ACSR000001,5,2.300415e-05,2.300415e-05,0,1
2025-09-20 14:39:00,SH001N0010_ACSR000001,6,2.300415e-05,2.300415e-05,0,1
2025-09-20 14:39:00,SH001N0010_ACSR000001,7,2.300415e-05,2.300415e-05,0,1
2025-09-20 14:39:00,SH001N0010_ACSR000001,8,2.300415e-05,2.300415e-05,0,1
2025-09-20 14:39:00,SH001N0010_ACSR000001,9,2.300415e-05,2.300415e-05,0,1
2025-09-20 14:39:00,SH001N0010_ACSR000002,1,0.00046084853,0.00036572397,0,0
2025-09-20 14:39:00,SH001N0010_ACSR000002,2,0.000117566786,0.00011509261,0,0
2025-09-20 14:39:00,SH001N0010_ACSR000002,3,0.0003098843,7.89332e-05,0,0
2025-09-20 14:39:00,SH001N0010_ACSR000002,4,0.00097293884,0.00013982445,0,0
2025-09-20 14:39:00,SH001N0010_ACSR000002,5,2.300415e-05,2.300415e-05,0,0
2025-09-20 14:39:00,SH001N0010_ACSR000002,6,2.300415e-05,2.300415e-05,0,0
2025-09-20 14:39:00,SH001N0010_ACSR000002,7,2.300415e-05,2.300415e-05,0,0
2025-09-20 14:39:00,SH001N0010_ACSR000002,8,2.300415e-05,2.300415e-05,0,0
2025-09-20 14:39:00,SH001N0010_ACSR000002,9,2.300415e-05,2.300415e-05,0,0
2025-09-20 14:39:00,SH001N0010_ACSR000003,1,0.00058084633,0.0003141192,0,1
2025-09-20 14:39:00,SH001N0010_ACSR000003,2,0.00011610761,0.000116108255,1,1
2025-09-20 14:39:00,SH001N0010_ACSR000003,3,0.0003616287,0.00018696298,0,1
2025-09-20 14:39:00,SH001N0010_ACSR000003,4,0.00010778359,8.195457e-05,0,1
2025-09-20 14:39:00,SH001N0010_ACSR000003,5,2.300415e-05,2.300415e-05,0,1
2025-09-20 14:39:00,SH001N0010_ACSR000003,6,2.300415e-05,2.300415e-05,0,1
2025-09-20 14:39:00,SH001N0010_ACSR000003,7,2.300415e-05,2.300415e-05,0,1
2025-09-20 14:39:00,SH001N0010_ACSR000003,8,2.300415e-05,2.300415e-05,0,1
2025-09-20 14:39:00,SH001N0010_ACSR000003,9,2.300415e-05,2.300415e-05,0,1
2025-09-20 14:39:00,SH001N0010_ACSR000004,1,0.00013500098,6.490535e-05,0,0
2025-09-20 14:39:00,SH001N0010_ACSR000004,2,0.000287609,0.00014938568,0,0
2025-09-20 14:39:00,SH001N0010_ACSR000004,3,0.00046244948,0.00017585303,0,0
2025-09-20 14:39:00,SH001N0010_ACSR000004,4,0.00047280066,5.0682247e-05,0,0
2025-09-20 14:39:00,SH001N0010_ACSR000004,5,2.300415e-05,2.300415e-05,0,0
2025-09-20 14:39:00,SH001N0010_ACSR000004,6,2.300415e-05,2.300415e-05,0,0
2025-09-20 14:39:00,SH001N0010_ACSR000004,7,2.300415e-05,2.300415e-05,0,0
2025-09-20 14:39:00,SH001N0010_ACSR000004,8,2.300415e-05,2.300415e-05,0,0
2025-09-20 14:39:00,SH001N0010_ACSR000004,9,2.300415e-05,2.300415e-05,0,0
2025-09-20 14:39:00,SH001N0011_ACSR000001,1,0.00014999793,6.571431e-05,0,1
2025-09-20 14:39:00,SH001N0011_ACSR000001,2,0.0001292867,6.231158e-05,0,1
2025-09-20 14:39:00,SH001N0011_ACSR000001,3,0.000113176924,0.00021643908,1,1
2025-09-20 14:39:00,SH001N0011_ACSR000001,4,9.1553964e-05,7.789598e-05,0,1
2025-09-20 14:39:00,SH001N0011_ACSR000001,5,0.0005918386,6.317337e-05,0,1
2025-09-20 14:39:00,SH001N0011_ACSR000001,6,2.300415e-05,2.300415e-05,0,1
2025-09-20 14:39:00,SH001N0011_ACSR000001,7,2.300415e-05,2.300415e-05,0,1
2025-09-20 14:39:00,SH001N0011_ACSR000001,8,2.300415e-05,2.300415e-05,0,1
2025-09-20 14:39:00,SH001N0011_ACSR000001,9,2.300415e-05,2.300415e-05,0,1
2025-09-20 14:39:00,SH001N0011_ACSR000002,1,0.00085205317,0.0001342015,0,0
2025-09-20 14:39:00,SH001N0011_ACSR000002,2,8.8532715,0.0018088234,0,0
2025-09-20 14:39:00,SH001N0011_ACSR000002,3,0.00060103287,0.00046738941,0,0
2025-09-20 14:39:00,SH001N0011_ACSR000002,4,0.00051899307,0.00013020875,0,0
2025-09-20 14:39:00,SH001N0011_ACSR000002,5,2.300415e-05,2.300415e-05,0,0
2025-09-20 14:39:00,SH001N0011_ACSR000002,6,2.300415e-05,2.300415e-05,0,0
2025-09-20 14:39:00,SH001N0011_ACSR000002,7,2.300415e-05,2.300415e-05,0,0
2025-09-20 14:39:00,SH001N0011_ACSR000002,8,2.300415e-05,2.300415e-05,0,0
2025-09-20 14:39:00,SH001N0011_ACSR000002,9,2.300415e-05,2.300415e-05,0,0
2025-09-20 14:39:00,SH001N0011_ACSR000003,1,0.0007677486,0.0014874842,1,1
2025-09-20 14:39:00,SH001N0011_ACSR000003,2,0.00038546041,6.825956e-05,0,1
2025-09-20 14:39:00,SH001N0011_ACSR000003,3,0.0002628628,9.9563375e-05,0,1
2025-09-20 14:39:00,SH001N0011_ACSR000003,4,4.285735e-05,0.001083493,1,1
2025-09-20 14:39:00,SH001N0011_ACSR000003,5,2.300415e-05,2.300415e-05,0,1
2025-09-20 14:39:00,SH001N0011_ACSR000003,6,2.300415e-05,2.300415e-05,0,1
2025-09-20 14:39:00,SH001N0011_ACSR000003,7,2.300415e-05,2.300415e-05,0,1
2025-09-20 14:39:00,SH001N0011_ACSR000003,8,2.300415e-05,2.300415e-05,0,1
2025-09-20 14:39:00,SH001N0011_ACSR000003,9,2.300415e-05,2.300415e-05,0,1
2025-09-20 14:39:00,SH001N0011_ACSR000004,1,0.00024378177,9.9025456e-05,0,1
2025-09-20 14:39:00,SH001N0011_ACSR000004,2,0.0011920742,0.0001914658,0,1
2025-09-20 14:39:00,SH001N0011_ACSR000004,3,0.00033987386,0.00019051411,0,1
2025-09-20 14:39:00,SH001N0011_ACSR000004,4,0.0003353688,0.00041695696,1,1
2025-09-20 14:39:00,SH001N0011_ACSR000004,5,2.300415e-05,2.300415e-05,0,1
2025-09-20 14:39:00,SH001N0011_ACSR000004,6,2.300415e-05,2.300415e-05,0,1
2025-09-20 14:39:00,SH001N0011_ACSR000004,7,2.300415e-05,2.300415e-05,0,1
2025-09-20 14:39:00,SH001N0011_ACSR000004,8,2.300415e-05,2.300415e-05,0,1
2025-09-20 14:39:00,SH001N0011_ACSR000004,9,2.300415e-05,2.300415e-05,0,1
2025-09-20 14:39:00,SH001N0012_ACSR000001,1,0.00039175793,0.00055090815,1,1
2025-09-20 14:39:00,SH001N0012_ACSR000001,2,0.0003872528,0.00022426447,0,1
2025-09-20 14:39:00,SH001N0012_ACSR000001,3,0.00013359726,0.00010820248,0,1
2025-09-20 14:39:00,SH001N0012_ACSR000001,4,0.00017754445,0.0006691105,1,1
2025-09-20 14:39:00,SH001N0012_ACSR000001,5,2.300415e-05,2.300415e-05,0,1
2025-09-20 14:39:00,SH001N0012_ACSR000001,6,2.300415e-05,2.300415e-05,0,1
2025-09-20 14:39:00,SH001N0012_ACSR000001,7,2.300415e-05,2.300415e-05,0,1
2025-09-20 14:39:00,SH001N0012_ACSR000001,8,2.300415e-05,2.300415e-05,0,1
2025-09-20 14:39:00,SH001N0012_ACSR000001,9,2.300415e-05,2.300415e-05,0,1
2025-09-20 14:39:00,SH001N0012_ACSR000002,1,0.00014379066,6.4430766e-05,0,0
2025-09-20 14:39:00,SH001N0012_ACSR000002,2,0.0008788307,0.0006645204,0,0
2025-09-20 14:39:00,SH001N0012_ACSR000002,3,2.300415e-05,2.300415e-05,0,0
2025-09-20 14:39:00,SH001N0012_ACSR000002,4,0.00025697498,0.00010548931,0,0
2025-09-20 14:39:00,SH001N0012_ACSR000002,5,2.300415e-05,2.300415e-05,0,0
2025-09-20 14:39:00,SH001N0012_ACSR000002,6,2.300415e-05,2.300415e-05,0,0
2025-09-20 14:39:00,SH001N0012_ACSR000002,7,2.300415e-05,2.300415e-05,0,0
2025-09-20 14:39:00,SH001N0012_ACSR000002,8,2.300415e-05,2.300415e-05,0,0
2025-09-20 14:39:00,SH001N0012_ACSR000002,9,2.300415e-05,2.300415e-05,0,0
2025-09-20 14:39:00,SH001N0012_ACSR000003,1,0.00024410072,0.00011266755,0,0
2025-09-20 14:39:00,SH001N0012_ACSR000003,2,0.00034258663,0.00012072654,0,0
2025-09-20 14:39:00,SH001N0012_ACSR000003,3,2.300415e-05,2.300415e-05,0,0
2025-09-20 14:39:00,SH001N0012_ACSR000003,4,2.300415e-05,2.300415e-05,0,0
2025-09-20 14:39:00,SH001N0012_ACSR000003,5,2.300415e-05,2.300415e-05,0,0
2025-09-20 14:39:00,SH001N0012_ACSR000003,6,2.300415e-05,2.300415e-05,0,0
2025-09-20 14:39:00,SH001N0012_ACSR000003,7,2.300415e-05,2.300415e-05,0,0
2025-09-20 14:39:00,SH001N0012_ACSR000003,8,2.300415e-05,2.300415e-05,0,0
2025-09-20 14:39:00,SH001N0012_ACSR000003,9,2.300415e-05,2.300415e-05,0,0
2025-09-20 14:39:00,SH001N0012_ACSR000004,1,0.0003123236,0.00016573981,0,1
2025-09-20 14:39:00,SH001N0012_ACSR000004,2,0.0021475153,8.672321e-05,0,1
2025-09-20 14:39:00,SH001N0012_ACSR000004,3,0.00016034115,0.0006517948,1,1
2025-09-20 14:39:00,SH001N0012_ACSR000004,4,0.0003230333,0.00013650345,0,1
2025-09-20 14:39:00,SH001N0012_ACSR000004,5,2.300415e-05,2.300415e-05,0,1
2025-09-20 14:39:00,SH001N0012_ACSR000004,6,2.300415e-05,2.300415e-05,0,1
2025-09-20 14:39:00,SH001N0012_ACSR000004,7,2.300415e-05,2.300415e-05,0,1
2025-09-20 14:39:00,SH001N0012_ACSR000004,8,2.300415e-05,2.300415e-05,0,1
2025-09-20 14:39:00,SH001N0012_ACSR000004,9,2.300415e-05,2.300415e-05,0,1
2025-09-20 14:39:00,SH001N0013_ACSR000001,1,0.0005577269,0.00020926629,0,0
2025-09-20 14:39:00,SH001N0013_ACSR000001,2,2.300415e-05,2.300415e-05,0,0
2025-09-20 14:39:00,SH001N0013_ACSR000001,3,2.300415e-05,2.300415e-05,0,0
2025-09-20 14:39:00,SH001N0013_ACSR000001,4,2.300415e-05,2.300415e-05,0,0
2025-09-20 14:39:00,SH001N0013_ACSR000001,5,2.300415e-05,2.300415e-05,0,0
2025-09-20 14:39:00,SH001N0013_ACSR000001,6,2.300415e-05,2.300415e-05,0,0
2025-09-20 14:39:00,SH001N0013_ACSR000001,7,2.300415e-05,2.300415e-05,0,0
2025-09-20 14:39:00,SH001N0013_ACSR000001,8,2.300415e-05,2.300415e-05,0,0
2025-09-20 14:39:00,SH001N0013_ACSR000001,9,2.300415e-05,2.300415e-05,0,0
2025-09-20 14:39:00,SH001N0013_ACSR000002,1,0.000246483,0.00014696088,0,1
2025-09-20 14:39:00,SH001N0013_ACSR000002,2,0.00039775585,0.00022276377,0,1
2025-09-20 14:39:00,SH001N0013_ACSR000002,3,0.0001413937,0.00025980978,1,1
2025-09-20 14:39:00,SH001N0013_ACSR000002,4,0.00036292197,8.428945e-05,0,1
2025-09-20 14:39:00,SH001N0013_ACSR000002,5,2.300415e-05,2.300415e-05,0,1
2025-09-20 14:39:00,SH001N0013_ACSR000002,6,2.300415e-05,2.300415e-05,0,1
2025-09-20 14:39:00,SH001N0013_ACSR000002,7,2.300415e-05,2.300415e-05,0,1
2025-09-20 14:39:00,SH001N0013_ACSR000002,8,2.300415e-05,2.300415e-05,0,1
2025-09-20 14:39:00,SH001N0013_ACSR000002,9,2.300415e-05,2.300415e-05,0,1
2025-09-20 14:39:00,SH001N0013_ACSR000003,1,0.0014159326,0.00011325274,0,0
2025-09-20 14:39:00,SH001N0013_ACSR000003,2,0.00080759666,0.0004049831,0,0
2025-09-20 14:39:00,SH001N0013_ACSR000003,3,2.300415e-05,2.300415e-05,0,0
2025-09-20 14:39:00,SH001N0013_ACSR000003,4,2.300415e-05,2.300415e-05,0,0
2025-09-20 14:39:00,SH001N0013_ACSR000003,5,2.300415e-05,2.300415e-05,0,0
2025-09-20 14:39:00,SH001N0013_ACSR000003,6,2.300415e-05,2.300415e-05,0,0
2025-09-20 14:39:00,SH001N0013_ACSR000003,7,2.300415e-05,2.300415e-05,0,0
2025-09-20 14:39:00,SH001N0013_ACSR000003,8,2.300415e-05,2.300415e-05,0,0
2025-09-20 14:39:00,SH001N0013_ACSR000003,9,2.300415e-05,2.300415e-05,0,0
2025-09-20 14:39:00,SH001N0013_ACSR000004,1,0.002293042,0.00014640937,0,0
2025-09-20 14:39:00,SH001N0013_ACSR000004,2,0.00028467717,0.00019369215,0,0
2025-09-20 14:39:00,SH001N0013_ACSR000004,3,24.200802,8.659243e-05,0,0
2025-09-20 14:39:00,SH001N0013_ACSR000004,4,0.00042509066,0.00018570664,0,0
2025-09-20 14:39:00,SH001N0013_ACSR000004,5,2.300415e-05,2.300415e-05,0,0
2025-09-20 14:39:00,SH001N0013_ACSR000004,6,2.300415e-05,2.300415e-05,0,0
2025-09-20 14:39:00,SH001N0013_ACSR000004,7,2.300415e-05,2.300415e-05,0,0
2025-09-20 14:39:00,SH001N0013_ACSR000004,8,2.300415e-05,2.300415e-05,0,0
2025-09-20 14:39:00,SH001N0013_ACSR000004,9,2.300415e-05,2.300415e-05,0,0
2025-09-20 14:39:00,SH001N0014_ACSR000001,1,0.0015639121,0.00015788178,0,0
2025-09-20 14:39:00,SH001N0014_ACSR000001,2,0.0005307304,0.00018554299,0,0
2025-09-20 14:39:00,SH001N0014_ACSR000001,3,2.300415e-05,2.300415e-05,0,0
2025-09-20 14:39:00,SH001N0014_ACSR000001,4,2.300415e-05,2.300415e-05,0,0
2025-09-20 14:39:00,SH001N0014_ACSR000001,5,2.300415e-05,2.300415e-05,0,0
2025-09-20 14:39:00,SH001N0014_ACSR000001,6,2.300415e-05,2.300415e-05,0,0
2025-09-20 14:39:00,SH001N0014_ACSR000001,7,2.300415e-05,2.300415e-05,0,0
2025-09-20 14:39:00,SH001N0014_ACSR000001,8,2.300415e-05,2.300415e-05,0,0
2025-09-20 14:39:00,SH001N0014_ACSR000001,9,2.300415e-05,2.300415e-05,0,0
2025-09-20 14:39:00,SH001N0014_ACSR000002,1,0.001947575,0.000111829475,0,1
2025-09-20 14:39:00,SH001N0014_ACSR000002,2,0.0007029128,0.00082716247,1,1
2025-09-20 14:39:00,SH001N0014_ACSR000002,3,0.00032843306,0.00017487667,0,1
2025-09-20 14:39:00,SH001N0014_ACSR000002,4,0.0002071862,0.00020701978,0,1
2025-09-20 14:39:00,SH001N0014_ACSR000002,5,0.00022897938,0.00022226339,0,1
2025-09-20 14:39:00,SH001N0014_ACSR000002,6,2.300415e-05,2.300415e-05,0,1
2025-09-20 14:39:00,SH001N0014_ACSR000002,7,2.300415e-05,2.300415e-05,0,1
2025-09-20 14:39:00,SH001N0014_ACSR000002,8,2.300415e-05,2.300415e-05,0,1
2025-09-20 14:39:00,SH001N0014_ACSR000002,9,2.300415e-05,2.300415e-05,0,1
2025-09-20 14:39:00,SH001N0014_ACSR000003,1,0.00024802587,7.9325735e-05,0,0
2025-09-20 14:39:00,SH001N0014_ACSR000003,2,0.0015063245,4.3574113e-05,0,0
2025-09-20 14:39:00,SH001N0014_ACSR000003,3,0.00027393896,0.00010440462,0,0
2025-09-20 14:39:00,SH001N0014_ACSR000003,4,2.300415e-05,2.300415e-05,0,0
2025-09-20 14:39:00,SH001N0014_ACSR000003,5,2.300415e-05,2.300415e-05,0,0
2025-09-20 14:39:00,SH001N0014_ACSR000003,6,2.300415e-05,2.300415e-05,0,0
2025-09-20 14:39:00,SH001N0014_ACSR000003,7,2.300415e-05,2.300415e-05,0,0
2025-09-20 14:39:00,SH001N0014_ACSR000003,8,2.300415e-05,2.300415e-05,0,0
2025-09-20 14:39:00,SH001N0014_ACSR000003,9,2.300415e-05,2.300415e-05,0,0
2025-09-20 14:39:00,SH001N0014_ACSR000004,1,0.00019054786,9.391576e-05,0,0
2025-09-20 14:39:00,SH001N0014_ACSR000004,2,0.00023883092,0.0001013705,0,0
2025-09-20 14:39:00,SH001N0014_ACSR000004,3,0.107140355,0.00027050357,0,0
2025-09-20 14:39:00,SH001N0014_ACSR000004,4,0.002518337,9.066261e-05,0,0
2025-09-20 14:39:00,SH001N0014_ACSR000004,5,2.300415e-05,2.300415e-05,0,0
2025-09-20 14:39:00,SH001N0014_ACSR000004,6,2.300415e-05,2.300415e-05,0,0
2025-09-20 14:39:00,SH001N0014_ACSR000004,7,2.300415e-05,2.300415e-05,0,0
2025-09-20 14:39:00,SH001N0014_ACSR000004,8,2.300415e-05,2.300415e-05,0,0
2025-09-20 14:39:00,SH001N0014_ACSR000004,9,2.300415e-05,2.300415e-05,0,0
2025-09-20 14:39:00,SH001N0015_ACSR000001,1,0.00037227725,5.6714533e-05,0,0
2025-09-20 14:39:00,SH001N0015_ACSR000001,2,0.00087308337,9.1442125e-05,0,0
2025-09-20 14:39:00,SH001N0015_ACSR000001,3,2.300415e-05,2.300415e-05,0,0
2025-09-20 14:39:00,SH001N0015_ACSR000001,4,2.300415e-05,2.300415e-05,0,0
2025-09-20 14:39:00,SH001N0015_ACSR000001,5,2.300415e-05,2.300415e-05,0,0
2025-09-20 14:39:00,SH001N0015_ACSR000001,6,2.300415e-05,2.300415e-05,0,0
2025-09-20 14:39:00,SH001N0015_ACSR000001,7,2.300415e-05,2.300415e-05,0,0
2025-09-20 14:39:00,SH001N0015_ACSR000001,8,2.300415e-05,2.300415e-05,0,0
2025-09-20 14:39:00,SH001N0015_ACSR000001,9,2.300415e-05,2.300415e-05,0,0
2025-09-20 14:39:00,SH001N0015_ACSR000002,1,0.00045039383,0.00022796822,0,0
2025-09-20 14:39:00,SH001N0015_ACSR000002,2,0.019400137,0.0005453917,0,0
2025-09-20 14:39:00,SH001N0015_ACSR000002,3,0.0017394879,0.00014443068,0,0
2025-09-20 14:39:00,SH001N0015_ACSR000002,4,1.965607,0.0012487401,0,0
2025-09-20 14:39:00,SH001N0015_ACSR000002,5,2.300415e-05,2.300415e-05,0,0
2025-09-20 14:39:00,SH001N0015_ACSR000002,6,2.300415e-05,2.300415e-05,0,0
2025-09-20 14:39:00,SH001N0015_ACSR000002,7,2.300415e-05,2.300415e-05,0,0
2025-09-20 14:39:00,SH001N0015_ACSR000002,8,2.300415e-05,2.300415e-05,0,0
2025-09-20 14:39:00,SH001N0015_ACSR000002,9,2.300415e-05,2.300415e-05,0,0
2025-09-20 14:39:00,SH001N0015_ACSR000003,1,0.00020740237,0.000102442944,0,0
2025-09-20 14:39:00,SH001N0015_ACSR000003,2,0.00025275414,0.00010050573,0,0
2025-09-20 14:39:00,SH001N0015_ACSR000003,3,0.00010903669,4.474166e-05,0,0
2025-09-20 14:39:00,SH001N0015_ACSR000003,4,0.00021973533,0.00020441787,0,0
2025-09-20 14:39:00,SH001N0015_ACSR000003,5,2.300415e-05,2.300415e-05,0,0
2025-09-20 14:39:00,SH001N0015_ACSR000003,6,2.300415e-05,2.300415e-05,0,0
2025-09-20 14:39:00,SH001N0015_ACSR000003,7,2.300415e-05,2.300415e-05,0,0
2025-09-20 14:39:00,SH001N0015_ACSR000003,8,2.300415e-05,2.300415e-05,0,0
2025-09-20 14:39:00,SH001N0015_ACSR000003,9,2.300415e-05,2.300415e-05,0,0
2025-09-20 14:39:00,SH001N0015_ACSR000004,1,0.0019117693,0.00020765675,0,1
2025-09-20 14:39:00,SH001N0015_ACSR000004,2,0.0002458155,0.00024818705,1,1
2025-09-20 14:39:00,SH001N0015_ACSR000004,3,0.000205216,0.00015862004,0,1
2025-09-20 14:39:00,SH001N0015_ACSR000004,4,0.0013188403,0.00038448675,0,1
2025-09-20 14:39:00,SH001N0015_ACSR000004,5,2.300415e-05,2.300415e-05,0,1
2025-09-20 14:39:00,SH001N0015_ACSR000004,6,2.300415e-05,2.300415e-05,0,1
2025-09-20 14:39:00,SH001N0015_ACSR000004,7,2.300415e-05,2.300415e-05,0,1
2025-09-20 14:39:00,SH001N0015_ACSR000004,8,2.300415e-05,2.300415e-05,0,1
2025-09-20 14:39:00,SH001N0015_ACSR000004,9,2.300415e-05,2.300415e-05,0,1
2025-09-20 14:39:00,SH001N0016_ACSR000001,1,0.00045610857,0.23271924,1,1
2025-09-20 14:39:00,SH001N0016_ACSR000001,2,0.001130094,5.9456375e-05,0,1
2025-09-20 14:39:00,SH001N0016_ACSR000001,3,2.300415e-05,2.300415e-05,0,1
2025-09-20 14:39:00,SH001N0016_ACSR000001,4,2.9634182e-05,0.0067546675,1,1
2025-09-20 14:39:00,SH001N0016_ACSR000001,5,2.300415e-05,2.300415e-05,0,1
2025-09-20 14:39:00,SH001N0016_ACSR000001,6,2.300415e-05,2.300415e-05,0,1
2025-09-20 14:39:00,SH001N0016_ACSR000001,7,2.300415e-05,2.300415e-05,0,1
2025-09-20 14:39:00,SH001N0016_ACSR000001,8,2.300415e-05,2.300415e-05,0,1
2025-09-20 14:39:00,SH001N0016_ACSR000001,9,2.300415e-05,2.300415e-05,0,1
2025-09-20 14:39:00,SH001N0016_ACSR000002,1,0.0009299526,0.00016520126,0,0
2025-09-20 14:39:00,SH001N0016_ACSR000002,2,3.443767,0.000313449,0,0
2025-09-20 14:39:00,SH001N0016_ACSR000002,3,18.62589,0.00024801606,0,0
2025-09-20 14:39:00,SH001N0016_ACSR000002,4,0.00030834094,5.403586e-05,0,0
2025-09-20 14:39:00,SH001N0016_ACSR000002,5,2.300415e-05,2.300415e-05,0,0
2025-09-20 14:39:00,SH001N0016_ACSR000002,6,2.300415e-05,2.300415e-05,0,0
2025-09-20 14:39:00,SH001N0016_ACSR000002,7,2.300415e-05,2.300415e-05,0,0
2025-09-20 14:39:00,SH001N0016_ACSR000002,8,2.300415e-05,2.300415e-05,0,0
2025-09-20 14:39:00,SH001N0016_ACSR000002,9,2.300415e-05,2.300415e-05,0,0
2025-09-20 14:39:00,SH001N0016_ACSR000003,1,0.00025727725,0.00015967574,0,0
2025-09-20 14:39:00,SH001N0016_ACSR000003,2,0.00030829143,0.0001398209,0,0
2025-09-20 14:39:00,SH001N0016_ACSR000003,3,0.001680516,0.00023322125,0,0
2025-09-20 14:39:00,SH001N0016_ACSR000003,4,2.300415e-05,2.300415e-05,0,0
2025-09-20 14:39:00,SH001N0016_ACSR000003,5,2.300415e-05,2.300415e-05,0,0
2025-09-20 14:39:00,SH001N0016_ACSR000003,6,2.300415e-05,2.300415e-05,0,0
2025-09-20 14:39:00,SH001N0016_ACSR000003,7,2.300415e-05,2.300415e-05,0,0
2025-09-20 14:39:00,SH001N0016_ACSR000003,8,2.300415e-05,2.300415e-05,0,0
2025-09-20 14:39:00,SH001N0016_ACSR000003,9,2.300415e-05,2.300415e-05,0,0
2025-09-20 14:39:00,SH001N0016_ACSR000004,1,0.00041781587,0.00030942206,0,0
2025-09-20 14:39:00,SH001N0016_ACSR000004,2,0.0006410702,9.663763e-05,0,0
2025-09-20 14:39:00,SH001N0016_ACSR000004,3,0.0015603943,0.00015120067,0,0
2025-09-20 14:39:00,SH001N0016_ACSR000004,4,0.0011044953,0.0006609587,0,0
2025-09-20 14:39:00,SH001N0016_ACSR000004,5,2.300415e-05,2.300415e-05,0,0
2025-09-20 14:39:00,SH001N0016_ACSR000004,6,2.300415e-05,2.300415e-05,0,0
2025-09-20 14:39:00,SH001N0016_ACSR000004,7,2.300415e-05,2.300415e-05,0,0
2025-09-20 14:39:00,SH001N0016_ACSR000004,8,2.300415e-05,2.300415e-05,0,0
2025-09-20 14:39:00,SH001N0016_ACSR000004,9,2.300415e-05,2.300415e-05,0,0
2025-09-20 14:39:00,SH001N0017_ACSR000001,1,0.00040689885,0.000139006,0,0
2025-09-20 14:39:00,SH001N0017_ACSR000001,2,0.0017036549,0.0007464542,0,0
2025-09-20 14:39:00,SH001N0017_ACSR000001,3,0.0010380546,0.00042499878,0,0
2025-09-20 14:39:00,SH001N0017_ACSR000001,4,0.0005365481,4.5202043e-05,0,0
2025-09-20 14:39:00,SH001N0017_ACSR000001,5,2.300415e-05,2.300415e-05,0,0
2025-09-20 14:39:00,SH001N0017_ACSR000001,6,2.300415e-05,2.300415e-05,0,0
2025-09-20 14:39:00,SH001N0017_ACSR000001,7,2.300415e-05,2.300415e-05,0,0
2025-09-20 14:39:00,SH001N0017_ACSR000001,8,2.300415e-05,2.300415e-05,0,0
2025-09-20 14:39:00,SH001N0017_ACSR000001,9,2.300415e-05,2.300415e-05,0,0
2025-09-20 14:39:00,SH001N0017_ACSR000002,1,0.00013311094,9.911983e-05,0,0
2025-09-20 14:39:00,SH001N0017_ACSR000002,2,2.300415e-05,2.300415e-05,0,0
2025-09-20 14:39:00,SH001N0017_ACSR000002,3,2.300415e-05,2.300415e-05,0,0
2025-09-20 14:39:00,SH001N0017_ACSR000002,4,2.300415e-05,2.300415e-05,0,0
2025-09-20 14:39:00,SH001N0017_ACSR000002,5,2.300415e-05,2.300415e-05,0,0
2025-09-20 14:39:00,SH001N0017_ACSR000002,6,2.300415e-05,2.300415e-05,0,0
2025-09-20 14:39:00,SH001N0017_ACSR000002,7,2.300415e-05,2.300415e-05,0,0
2025-09-20 14:39:00,SH001N0017_ACSR000002,8,2.300415e-05,2.300415e-05,0,0
2025-09-20 14:39:00,SH001N0017_ACSR000002,9,2.300415e-05,2.300415e-05,0,0
2025-09-20 14:39:00,SH001N0017_ACSR000003,1,0.00043947535,0.000948664,1,1
2025-09-20 14:39:00,SH001N0017_ACSR000003,2,0.0003035936,0.00011167467,0,1
2025-09-20 14:39:00,SH001N0017_ACSR000003,3,0.00053158344,0.0001109786,0,1
2025-09-20 14:39:00,SH001N0017_ACSR000003,4,0.0003133417,0.00020875796,0,1
2025-09-20 14:39:00,SH001N0017_ACSR000003,5,0.00023144229,0.00029065428,1,1
2025-09-20 14:39:00,SH001N0017_ACSR000003,6,2.300415e-05,2.300415e-05,0,1
2025-09-20 14:39:00,SH001N0017_ACSR000003,7,2.300415e-05,2.300415e-05,0,1
2025-09-20 14:39:00,SH001N0017_ACSR000003,8,2.300415e-05,2.300415e-05,0,1
2025-09-20 14:39:00,SH001N0017_ACSR000003,9,2.300415e-05,2.300415e-05,0,1
2025-09-20 14:39:00,SH001N0017_ACSR000004,1,0.00038027423,0.0008314413,1,1
2025-09-20 14:39:00,SH001N0017_ACSR000004,2,2.300415e-05,2.300415e-05,0,1
2025-09-20 14:39:00,SH001N0017_ACSR000004,3,2.300415e-05,2.300415e-05,0,1
2025-09-20 14:39:00,SH001N0017_ACSR000004,4,2.300415e-05,2.300415e-05,0,1
2025-09-20 14:39:00,SH001N0017_ACSR000004,5,2.300415e-05,2.300415e-05,0,1
2025-09-20 14:39:00,SH001N0017_ACSR000004,6,2.300415e-05,2.300415e-05,0,1
2025-09-20 14:39:00,SH001N0017_ACSR000004,7,2.300415e-05,2.300415e-05,0,1
2025-09-20 14:39:00,SH001N0017_ACSR000004,8,2.300415e-05,2.300415e-05,0,1
2025-09-20 14:39:00,SH001N0017_ACSR000004,9,2.300415e-05,2.300415e-05,0,1
2025-09-20 14:39:00,SH001N0019_ACSR000001,1,0.0001259098,0.0002556784,1,1
2025-09-20 14:39:00,SH001N0019_ACSR000001,2,0.00021423044,0.00010716726,0,1
2025-09-20 14:39:00,SH001N0019_ACSR000001,3,0.0031184095,6.754734e-05,0,1
2025-09-20 14:39:00,SH001N0019_ACSR000001,4,0.00017177948,6.591957e-05,0,1
2025-09-20 14:39:00,SH001N0019_ACSR000001,5,2.300415e-05,2.300415e-05,0,1
2025-09-20 14:39:00,SH001N0019_ACSR000001,6,2.300415e-05,2.300415e-05,0,1
2025-09-20 14:39:00,SH001N0019_ACSR000001,7,2.300415e-05,2.300415e-05,0,1
2025-09-20 14:39:00,SH001N0019_ACSR000001,8,2.300415e-05,2.300415e-05,0,1
2025-09-20 14:39:00,SH001N0019_ACSR000001,9,2.300415e-05,2.300415e-05,0,1
2025-09-20 14:39:00,SH001N0019_ACSR000002,1,0.0004509808,0.00013777344,0,0
2025-09-20 14:39:00,SH001N0019_ACSR000002,2,0.00020065153,6.420521e-05,0,0
2025-09-20 14:39:00,SH001N0019_ACSR000002,3,0.00020864813,0.00010317923,0,0
2025-09-20 14:39:00,SH001N0019_ACSR000002,4,0.0001813141,0.00013871172,0,0
2025-09-20 14:39:00,SH001N0019_ACSR000002,5,2.300415e-05,2.300415e-05,0,0
2025-09-20 14:39:00,SH001N0019_ACSR000002,6,2.300415e-05,2.300415e-05,0,0
2025-09-20 14:39:00,SH001N0019_ACSR000002,7,2.300415e-05,2.300415e-05,0,0
2025-09-20 14:39:00,SH001N0019_ACSR000002,8,2.300415e-05,2.300415e-05,0,0
2025-09-20 14:39:00,SH001N0019_ACSR000002,9,2.300415e-05,2.300415e-05,0,0
2025-09-20 14:39:00,SH001N0019_ACSR000003,1,0.0006454807,0.00030292297,0,1
2025-09-20 14:39:00,SH001N0019_ACSR000003,2,0.0002577681,0.0001630028,0,1
2025-09-20 14:39:00,SH001N0019_ACSR000003,3,0.00025650286,0.00017763382,0,1
2025-09-20 14:39:00,SH001N0019_ACSR000003,4,0.0005066813,0.0013410313,1,1
2025-09-20 14:39:00,SH001N0019_ACSR000003,5,2.300415e-05,2.300415e-05,0,1
2025-09-20 14:39:00,SH001N0019_ACSR000003,6,2.300415e-05,2.300415e-05,0,1
2025-09-20 14:39:00,SH001N0019_ACSR000003,7,2.300415e-05,2.300415e-05,0,1
2025-09-20 14:39:00,SH001N0019_ACSR000003,8,2.300415e-05,2.300415e-05,0,1
2025-09-20 14:39:00,SH001N0019_ACSR000003,9,2.300415e-05,2.300415e-05,0,1
2025-09-20 14:39:00,SH001N0019_ACSR000004,1,0.00038650612,0.00017281462,0,0
2025-09-20 14:39:00,SH001N0019_ACSR000004,2,0.000120362005,8.822359e-05,0,0
2025-09-20 14:39:00,SH001N0019_ACSR000004,3,0.00018365502,5.9156268e-05,0,0
2025-09-20 14:39:00,SH001N0019_ACSR000004,4,0.00030486414,0.000109075954,0,0
2025-09-20 14:39:00,SH001N0019_ACSR000004,5,2.300415e-05,2.300415e-05,0,0
2025-09-20 14:39:00,SH001N0019_ACSR000004,6,2.300415e-05,2.300415e-05,0,0
2025-09-20 14:39:00,SH001N0019_ACSR000004,7,2.300415e-05,2.300415e-05,0,0
2025-09-20 14:39:00,SH001N0019_ACSR000004,8,2.300415e-05,2.300415e-05,0,0
2025-09-20 14:39:00,SH001N0019_ACSR000004,9,2.300415e-05,2.300415e-05,0,0
2025-09-20 14:39:00,SH001N0020_ACSR000001,1,8.582834e-05,7.766257e-05,0,1
2025-09-20 14:39:00,SH001N0020_ACSR000001,2,0.0007452337,0.00016388469,0,1
2025-09-20 14:39:00,SH001N0020_ACSR000001,3,0.00019144033,0.0002145408,1,1
2025-09-20 14:39:00,SH001N0020_ACSR000001,4,0.0003777398,0.00012871432,0,1
2025-09-20 14:39:00,SH001N0020_ACSR000001,5,2.300415e-05,2.300415e-05,0,1
2025-09-20 14:39:00,SH001N0020_ACSR000001,6,2.300415e-05,2.300415e-05,0,1
2025-09-20 14:39:00,SH001N0020_ACSR000001,7,2.300415e-05,2.300415e-05,0,1
2025-09-20 14:39:00,SH001N0020_ACSR000001,8,2.300415e-05,2.300415e-05,0,1
2025-09-20 14:39:00,SH001N0020_ACSR000001,9,2.300415e-05,2.300415e-05,0,1
2025-09-20 14:39:00,SH001N0020_ACSR000002,1,0.00018802441,0.0001080618,0,0
2025-09-20 14:39:00,SH001N0020_ACSR000002,2,0.00064845005,0.00021375608,0,0
2025-09-20 14:39:00,SH001N0020_ACSR000002,3,2.300415e-05,2.300415e-05,0,0
2025-09-20 14:39:00,SH001N0020_ACSR000002,4,2.300415e-05,2.300415e-05,0,0
2025-09-20 14:39:00,SH001N0020_ACSR000002,5,2.300415e-05,2.300415e-05,0,0
2025-09-20 14:39:00,SH001N0020_ACSR000002,6,2.300415e-05,2.300415e-05,0,0
2025-09-20 14:39:00,SH001N0020_ACSR000002,7,2.300415e-05,2.300415e-05,0,0
2025-09-20 14:39:00,SH001N0020_ACSR000002,8,2.300415e-05,2.300415e-05,0,0
2025-09-20 14:39:00,SH001N0020_ACSR000002,9,2.300415e-05,2.300415e-05,0,0
2025-09-20 14:39:00,SH001N0020_ACSR000003,1,0.00045380055,0.00048004318,1,1
2025-09-20 14:39:00,SH001N0020_ACSR000003,2,2.300415e-05,2.300415e-05,0,1
2025-09-20 14:39:00,SH001N0020_ACSR000003,3,2.300415e-05,2.300415e-05,0,1
2025-09-20 14:39:00,SH001N0020_ACSR000003,4,0.0003362121,0.00037763978,1,1
2025-09-20 14:39:00,SH001N0020_ACSR000003,5,2.300415e-05,2.300415e-05,0,1
2025-09-20 14:39:00,SH001N0020_ACSR000003,6,2.300415e-05,2.300415e-05,0,1
2025-09-20 14:39:00,SH001N0020_ACSR000003,7,2.300415e-05,2.300415e-05,0,1
2025-09-20 14:39:00,SH001N0020_ACSR000003,8,2.300415e-05,2.300415e-05,0,1
2025-09-20 14:39:00,SH001N0020_ACSR000003,9,2.300415e-05,2.300415e-05,0,1
2025-09-20 14:39:00,SH001N0020_ACSR000004,1,0.00017481619,0.000254986,1,1
2025-09-20 14:39:00,SH001N0020_ACSR000004,2,0.0005456131,0.00024153046,0,1
2025-09-20 14:39:00,SH001N0020_ACSR000004,3,2.300415e-05,2.300415e-05,0,1
2025-09-20 14:39:00,SH001N0020_ACSR000004,4,2.300415e-05,2.300415e-05,0,1
2025-09-20 14:39:00,SH001N0020_ACSR000004,5,2.300415e-05,2.300415e-05,0,1
2025-09-20 14:39:00,SH001N0020_ACSR000004,6,2.300415e-05,2.300415e-05,0,1
2025-09-20 14:39:00,SH001N0020_ACSR000004,7,2.300415e-05,2.300415e-05,0,1
2025-09-20 14:39:00,SH001N0020_ACSR000004,8,2.300415e-05,2.300415e-05,0,1
2025-09-20 14:39:00,SH001N0020_ACSR000004,9,2.300415e-05,2.300415e-05,0,1
2025-09-20 14:39:00,SH001N0021_ACSR000001,1,0.000107401815,9.606904e-05,0,1
2025-09-20 14:39:00,SH001N0021_ACSR000001,2,0.0016029181,0.00011630733,0,1
2025-09-20 14:39:00,SH001N0021_ACSR000001,3,0.00041511,0.00096806133,1,1
2025-09-20 14:39:00,SH001N0021_ACSR000001,4,0.00023997757,0.00014937134,0,1
2025-09-20 14:39:00,SH001N0021_ACSR000001,5,2.300415e-05,2.300415e-05,0,1
2025-09-20 14:39:00,SH001N0021_ACSR000001,6,2.300415e-05,2.300415e-05,0,1
2025-09-20 14:39:00,SH001N0021_ACSR000001,7,2.300415e-05,2.300415e-05,0,1
2025-09-20 14:39:00,SH001N0021_ACSR000001,8,2.300415e-05,2.300415e-05,0,1
2025-09-20 14:39:00,SH001N0021_ACSR000001,9,2.300415e-05,2.300415e-05,0,1
2025-09-20 14:39:00,SH001N0021_ACSR000002,1,0.00089030125,0.00015544568,0,0
2025-09-20 14:39:00,SH001N0021_ACSR000002,2,0.0007975136,0.0001877815,0,0
2025-09-20 14:39:00,SH001N0021_ACSR000002,3,0.0003258896,0.00010608617,0,0
2025-09-20 14:39:00,SH001N0021_ACSR000002,4,0.00039338754,0.00010846377,0,0
2025-09-20 14:39:00,SH001N0021_ACSR000002,5,2.300415e-05,2.300415e-05,0,0
2025-09-20 14:39:00,SH001N0021_ACSR000002,6,2.300415e-05,2.300415e-05,0,0
2025-09-20 14:39:00,SH001N0021_ACSR000002,7,2.300415e-05,2.300415e-05,0,0
2025-09-20 14:39:00,SH001N0021_ACSR000002,8,2.300415e-05,2.300415e-05,0,0
2025-09-20 14:39:00,SH001N0021_ACSR000002,9,2.300415e-05,2.300415e-05,0,0
2025-09-20 14:39:00,SH001N0021_ACSR000003,1,0.0001070331,5.6925914e-05,0,0
2025-09-20 14:39:00,SH001N0021_ACSR000003,2,0.21037586,0.00010541009,0,0
2025-09-20 14:39:00,SH001N0021_ACSR000003,3,0.017967915,0.00024013121,0,0
2025-09-20 14:39:00,SH001N0021_ACSR000003,4,0.00025850153,0.00015989156,0,0
2025-09-20 14:39:00,SH001N0021_ACSR000003,5,2.300415e-05,2.300415e-05,0,0
2025-09-20 14:39:00,SH001N0021_ACSR000003,6,2.300415e-05,2.300415e-05,0,0
2025-09-20 14:39:00,SH001N0021_ACSR000003,7,2.300415e-05,2.300415e-05,0,0
2025-09-20 14:39:00,SH001N0021_ACSR000003,8,2.300415e-05,2.300415e-05,0,0
2025-09-20 14:39:00,SH001N0021_ACSR000003,9,2.300415e-05,2.300415e-05,0,0
2025-09-20 14:39:00,SH001N0021_ACSR000004,1,43.047115,0.00017003821,0,1
2025-09-20 14:39:00,SH001N0021_ACSR000004,2,0.00029661224,0.003786763,1,1
2025-09-20 14:39:00,SH001N0021_ACSR000004,3,0.0003029406,0.00012074272,0,1
2025-09-20 14:39:00,SH001N0021_ACSR000004,4,0.00037547282,0.00019004653,0,1
2025-09-20 14:39:00,SH001N0021_ACSR000004,5,2.300415e-05,2.300415e-05,0,1
2025-09-20 14:39:00,SH001N0021_ACSR000004,6,2.300415e-05,2.300415e-05,0,1
2025-09-20 14:39:00,SH001N0021_ACSR000004,7,2.300415e-05,2.300415e-05,0,1
2025-09-20 14:39:00,SH001N0021_ACSR000004,8,2.300415e-05,2.300415e-05,0,1
2025-09-20 14:39:00,SH001N0021_ACSR000004,9,2.300415e-05,2.300415e-05,0,1
2025-09-20 14:39:00,SH001N0022_ACSR000001,1,0.00022791474,0.00013486162,0,0
2025-09-20 14:39:00,SH001N0022_ACSR000001,2,2.049657,0.00027122392,0,0
2025-09-20 14:39:00,SH001N0022_ACSR000001,3,0.00060163,0.00054455805,0,0
2025-09-20 14:39:00,SH001N0022_ACSR000001,4,0.00022577943,3.397375e-05,0,0
2025-09-20 14:39:00,SH001N0022_ACSR000001,5,2.300415e-05,2.300415e-05,0,0
2025-09-20 14:39:00,SH001N0022_ACSR000001,6,2.300415e-05,2.300415e-05,0,0
2025-09-20 14:39:00,SH001N0022_ACSR000001,7,2.300415e-05,2.300415e-05,0,0
2025-09-20 14:39:00,SH001N0022_ACSR000001,8,2.300415e-05,2.300415e-05,0,0
2025-09-20 14:39:00,SH001N0022_ACSR000001,9,2.300415e-05,2.300415e-05,0,0
2025-09-20 14:39:00,SH001N0022_ACSR000002,1,0.0001232962,0.00025496318,1,1
2025-09-20 14:39:00,SH001N0022_ACSR000002,2,0.0004917551,6.978415e-05,0,1
2025-09-20 14:39:00,SH001N0022_ACSR000002,3,0.00027586528,0.00026195013,0,1
2025-09-20 14:39:00,SH001N0022_ACSR000002,4,0.00047153883,0.00015840595,0,1
2025-09-20 14:39:00,SH001N0022_ACSR000002,5,0.0019793753,9.5718875e-05,0,1
2025-09-20 14:39:00,SH001N0022_ACSR000002,6,2.300415e-05,2.300415e-05,0,1
2025-09-20 14:39:00,SH001N0022_ACSR000002,7,2.300415e-05,2.300415e-05,0,1
2025-09-20 14:39:00,SH001N0022_ACSR000002,8,2.300415e-05,2.300415e-05,0,1
2025-09-20 14:39:00,SH001N0022_ACSR000002,9,2.300415e-05,2.300415e-05,0,1
2025-09-20 14:39:00,SH001N0022_ACSR000003,1,0.00016089677,0.00021947855,1,1
2025-09-20 14:39:00,SH001N0022_ACSR000003,2,0.00044894626,0.00010246815,0,1
2025-09-20 14:39:00,SH001N0022_ACSR000003,3,2.300415e-05,2.300415e-05,0,1
2025-09-20 14:39:00,SH001N0022_ACSR000003,4,2.300415e-05,2.300415e-05,0,1
2025-09-20 14:39:00,SH001N0022_ACSR000003,5,2.300415e-05,2.300415e-05,0,1
2025-09-20 14:39:00,SH001N0022_ACSR000003,6,2.300415e-05,2.300415e-05,0,1
2025-09-20 14:39:00,SH001N0022_ACSR000003,7,2.300415e-05,2.300415e-05,0,1
2025-09-20 14:39:00,SH001N0022_ACSR000003,8,2.300415e-05,2.300415e-05,0,1
2025-09-20 14:39:00,SH001N0022_ACSR000003,9,2.300415e-05,2.300415e-05,0,1
2025-09-20 14:39:00,SH001N0022_ACSR000004,1,0.0007682943,0.00032606526,0,0
2025-09-20 14:39:00,SH001N0022_ACSR000004,2,0.00025209892,0.00013813908,0,0
2025-09-20 14:39:00,SH001N0022_ACSR000004,3,0.00022225147,0.00019914626,0,0
2025-09-20 14:39:00,SH001N0022_ACSR000004,4,0.00017204756,0.0001280062,0,0
2025-09-20 14:39:00,SH001N0022_ACSR000004,5,2.300415e-05,2.300415e-05,0,0
2025-09-20 14:39:00,SH001N0022_ACSR000004,6,2.300415e-05,2.300415e-05,0,0
2025-09-20 14:39:00,SH001N0022_ACSR000004,7,2.300415e-05,2.300415e-05,0,0
2025-09-20 14:39:00,SH001N0022_ACSR000004,8,2.300415e-05,2.300415e-05,0,0
2025-09-20 14:39:00,SH001N0022_ACSR000004,9,2.300415e-05,2.300415e-05,0,0
2025-09-20 14:39:00,SH001N0023_ACSR000001,1,0.0007008941,0.00032535847,0,0
2025-09-20 14:39:00,SH001N0023_ACSR000001,2,0.008387807,9.970414e-05,0,0
2025-09-20 14:39:00,SH001N0023_ACSR000001,3,2.300415e-05,2.300415e-05,0,0
2025-09-20 14:39:00,SH001N0023_ACSR000001,4,0.0006640867,0.00019599004,0,0
2025-09-20 14:39:00,SH001N0023_ACSR000001,5,2.300415e-05,2.300415e-05,0,0
2025-09-20 14:39:00,SH001N0023_ACSR000001,6,2.300415e-05,2.300415e-05,0,0
2025-09-20 14:39:00,SH001N0023_ACSR000001,7,2.300415e-05,2.300415e-05,0,0
2025-09-20 14:39:00,SH001N0023_ACSR000001,8,2.300415e-05,2.300415e-05,0,0
2025-09-20 14:39:00,SH001N0023_ACSR000001,9,2.300415e-05,2.300415e-05,0,0
2025-09-20 14:39:00,SH001N0023_ACSR000002,1,0.00018157385,0.00039178718,1,1
2025-09-20 14:39:00,SH001N0023_ACSR000002,2,0.00049707654,0.0005313195,1,1
2025-09-20 14:39:00,SH001N0023_ACSR000002,3,0.0002089216,0.00014440117,0,1
2025-09-20 14:39:00,SH001N0023_ACSR000002,4,0.000308878,0.00031831072,1,1
2025-09-20 14:39:00,SH001N0023_ACSR000002,5,0.0003078431,0.00035392353,1,1
2025-09-20 14:39:00,SH001N0023_ACSR000002,6,2.300415e-05,2.300415e-05,0,1
2025-09-20 14:39:00,SH001N0023_ACSR000002,7,2.300415e-05,2.300415e-05,0,1
2025-09-20 14:39:00,SH001N0023_ACSR000002,8,2.300415e-05,2.300415e-05,0,1
2025-09-20 14:39:00,SH001N0023_ACSR000002,9,2.300415e-05,2.300415e-05,0,1
2025-09-20 14:39:00,SH001N0023_ACSR000003,1,0.00034269813,0.00017987675,0,0
2025-09-20 14:39:00,SH001N0023_ACSR000003,2,0.00018239328,6.401658e-05,0,0
2025-09-20 14:39:00,SH001N0023_ACSR000003,3,0.00019595095,6.787218e-05,0,0
2025-09-20 14:39:00,SH001N0023_ACSR000003,4,0.00062462036,0.00034542635,0,0
2025-09-20 14:39:00,SH001N0023_ACSR000003,5,2.300415e-05,2.300415e-05,0,0
2025-09-20 14:39:00,SH001N0023_ACSR000003,6,2.300415e-05,2.300415e-05,0,0
2025-09-20 14:39:00,SH001N0023_ACSR000003,7,2.300415e-05,2.300415e-05,0,0
2025-09-20 14:39:00,SH001N0023_ACSR000003,8,2.300415e-05,2.300415e-05,0,0
2025-09-20 14:39:00,SH001N0023_ACSR000003,9,2.300415e-05,2.300415e-05,0,0
2025-09-20 14:39:00,SH001N0023_ACSR000004,1,0.00014845919,0.00012235102,0,0
2025-09-20 14:39:00,SH001N0023_ACSR000004,2,0.00034152882,0.00021686891,0,0
2025-09-20 14:39:00,SH001N0023_ACSR000004,3,0.0002879474,0.000118105105,0,0
2025-09-20 14:39:00,SH001N0023_ACSR000004,4,0.0013875256,0.00048682402,0,0
2025-09-20 14:39:00,SH001N0023_ACSR000004,5,0.00017109748,0.00010151211,0,0
2025-09-20 14:39:00,SH001N0023_ACSR000004,6,2.300415e-05,2.300415e-05,0,0
2025-09-20 14:39:00,SH001N0023_ACSR000004,7,2.300415e-05,2.300415e-05,0,0
2025-09-20 14:39:00,SH001N0023_ACSR000004,8,2.300415e-05,2.300415e-05,0,0
2025-09-20 14:39:00,SH001N0023_ACSR000004,9,2.300415e-05,2.300415e-05,0,0
2025-09-20 14:39:00,SH001N0024_ACSR000001,1,0.00019746154,0.00013479785,0,0
2025-09-20 14:39:00,SH001N0024_ACSR000001,2,2.300415e-05,2.300415e-05,0,0
2025-09-20 14:39:00,SH001N0024_ACSR000001,3,0.00030868026,9.7010954e-05,0,0
2025-09-20 14:39:00,SH001N0024_ACSR000001,4,0.0010234289,0.0003087462,0,0
2025-09-20 14:39:00,SH001N0024_ACSR000001,5,2.300415e-05,2.300415e-05,0,0
2025-09-20 14:39:00,SH001N0024_ACSR000001,6,2.300415e-05,2.300415e-05,0,0
2025-09-20 14:39:00,SH001N0024_ACSR000001,7,2.300415e-05,2.300415e-05,0,0
2025-09-20 14:39:00,SH001N0024_ACSR000001,8,2.300415e-05,2.300415e-05,0,0
2025-09-20 14:39:00,SH001N0024_ACSR000001,9,2.300415e-05,2.300415e-05,0,0
2025-09-20 14:39:00,SH001N0024_ACSR000002,1,0.001054972,7.150961e-05,0,1
2025-09-20 14:39:00,SH001N0024_ACSR000002,2,0.00018749486,0.00020287844,1,1
2025-09-20 14:39:00,SH001N0024_ACSR000002,3,0.003617114,0.000531837,0,1
2025-09-20 14:39:00,SH001N0024_ACSR000002,4,0.00035410735,6.334741e-05,0,1
2025-09-20 14:39:00,SH001N0024_ACSR000002,5,2.300415e-05,2.300415e-05,0,1
2025-09-20 14:39:00,SH001N0024_ACSR000002,6,2.300415e-05,2.300415e-05,0,1
2025-09-20 14:39:00,SH001N0024_ACSR000002,7,2.300415e-05,2.300415e-05,0,1
2025-09-20 14:39:00,SH001N0024_ACSR000002,8,2.300415e-05,2.300415e-05,0,1
2025-09-20 14:39:00,SH001N0024_ACSR000002,9,2.300415e-05,2.300415e-05,0,1
2025-09-20 14:39:00,SH001N0024_ACSR000003,1,0.00015053549,0.0009929801,1,1
2025-09-20 14:39:00,SH001N0024_ACSR000003,2,0.003758715,8.86881e-05,0,1
2025-09-20 14:39:00,SH001N0024_ACSR000003,3,0.0002087835,0.00015461535,0,1
2025-09-20 14:39:00,SH001N0024_ACSR000003,4,0.0006517081,8.856919e-05,0,1
2025-09-20 14:39:00,SH001N0024_ACSR000003,5,8.350541e-05,8.350541e-05,0,1
2025-09-20 14:39:00,SH001N0024_ACSR000003,6,2.300415e-05,2.300415e-05,0,1
2025-09-20 14:39:00,SH001N0024_ACSR000003,7,2.300415e-05,2.300415e-05,0,1
2025-09-20 14:39:00,SH001N0024_ACSR000003,8,2.300415e-05,2.300415e-05,0,1
2025-09-20 14:39:00,SH001N0024_ACSR000003,9,2.300415e-05,2.300415e-05,0,1
2025-09-20 14:39:00,SH001N0024_ACSR000004,1,0.00016164174,8.79157e-05,0,0
2025-09-20 14:39:00,SH001N0024_ACSR000004,2,0.00030814888,0.0002781701,0,0
2025-09-20 14:39:00,SH001N0024_ACSR000004,3,0.00017933323,0.00011999043,0,0
2025-09-20 14:39:00,SH001N0024_ACSR000004,4,13.8095665,0.00075006875,0,0
2025-09-20 14:39:00,SH001N0024_ACSR000004,5,0.00028615817,5.9365742e-05,0,0
2025-09-20 14:39:00,SH001N0024_ACSR000004,6,2.300415e-05,2.300415e-05,0,0
2025-09-20 14:39:00,SH001N0024_ACSR000004,7,2.300415e-05,2.300415e-05,0,0
2025-09-20 14:39:00,SH001N0024_ACSR000004,8,2.300415e-05,2.300415e-05,0,0
2025-09-20 14:39:00,SH001N0024_ACSR000004,9,2.300415e-05,2.300415e-05,0,0
2025-09-20 14:39:00,SH001N0025_ACSR000001,1,0.0002687809,0.00015484825,0,1
2025-09-20 14:39:00,SH001N0025_ACSR000001,2,0.00015400787,0.0001968318,1,1
2025-09-20 14:39:00,SH001N0025_ACSR000001,3,0.0003737352,6.186978e-05,0,1
2025-09-20 14:39:00,SH001N0025_ACSR000001,4,0.015116955,0.0005820739,0,1
2025-09-20 14:39:00,SH001N0025_ACSR000001,5,2.300415e-05,2.300415e-05,0,1
2025-09-20 14:39:00,SH001N0025_ACSR000001,6,2.300415e-05,2.300415e-05,0,1
2025-09-20 14:39:00,SH001N0025_ACSR000001,7,2.300415e-05,2.300415e-05,0,1
2025-09-20 14:39:00,SH001N0025_ACSR000001,8,2.300415e-05,2.300415e-05,0,1
2025-09-20 14:39:00,SH001N0025_ACSR000001,9,2.300415e-05,2.300415e-05,0,1
2025-09-20 14:39:00,SH001N0025_ACSR000002,1,0.00014897276,0.00020340135,1,1
2025-09-20 14:39:00,SH001N0025_ACSR000002,2,0.00024932149,0.000118524316,0,1
2025-09-20 14:39:00,SH001N0025_ACSR000002,3,0.00022987688,0.00018758328,0,1
2025-09-20 14:39:00,SH001N0025_ACSR000002,4,0.00022712645,0.00014700012,0,1
2025-09-20 14:39:00,SH001N0025_ACSR000002,5,0.00020498602,0.00018526307,0,1
2025-09-20 14:39:00,SH001N0025_ACSR000002,6,2.300415e-05,2.300415e-05,0,1
2025-09-20 14:39:00,SH001N0025_ACSR000002,7,2.300415e-05,2.300415e-05,0,1
2025-09-20 14:39:00,SH001N0025_ACSR000002,8,2.300415e-05,2.300415e-05,0,1
2025-09-20 14:39:00,SH001N0025_ACSR000002,9,2.300415e-05,2.300415e-05,0,1
2025-09-20 14:39:00,SH001N0025_ACSR000003,1,0.00019803579,0.00010125523,0,0
2025-09-20 14:39:00,SH001N0025_ACSR000003,2,0.0006021604,0.00011305446,0,0
2025-09-20 14:39:00,SH001N0025_ACSR000003,3,0.0002138307,8.1736674e-05,0,0
2025-09-20 14:39:00,SH001N0025_ACSR000003,4,0.0002341668,9.969677e-05,0,0
2025-09-20 14:39:00,SH001N0025_ACSR000003,5,2.300415e-05,2.300415e-05,0,0
2025-09-20 14:39:00,SH001N0025_ACSR000003,6,2.300415e-05,2.300415e-05,0,0
2025-09-20 14:39:00,SH001N0025_ACSR000003,7,2.300415e-05,2.300415e-05,0,0
2025-09-20 14:39:00,SH001N0025_ACSR000003,8,2.300415e-05,2.300415e-05,0,0
2025-09-20 14:39:00,SH001N0025_ACSR000003,9,2.300415e-05,2.300415e-05,0,0
2025-09-20 14:39:00,SH001N0025_ACSR000004,1,0.0014540601,6.525837e-05,0,0
2025-09-20 14:39:00,SH001N0025_ACSR000004,2,0.00053527695,0.0004362407,0,0
2025-09-20 14:39:00,SH001N0025_ACSR000004,3,0.0010854437,0.00014550908,0,0
2025-09-20 14:39:00,SH001N0025_ACSR000004,4,0.0002889091,6.411136e-05,0,0
2025-09-20 14:39:00,SH001N0025_ACSR000004,5,0.00018626108,0.000119905846,0,0
2025-09-20 14:39:00,SH001N0025_ACSR000004,6,2.300415e-05,2.300415e-05,0,0
2025-09-20 14:39:00,SH001N0025_ACSR000004,7,2.300415e-05,2.300415e-05,0,0
2025-09-20 14:39:00,SH001N0025_ACSR000004,8,2.300415e-05,2.300415e-05,0,0
2025-09-20 14:39:00,SH001N0025_ACSR000004,9,2.300415e-05,2.300415e-05,0,0
2025-09-20 14:39:00,SH001N0026_ACSR000001,1,0.00026174283,0.00012397046,0,1
2025-09-20 14:39:00,SH001N0026_ACSR000001,2,0.00016715654,0.00031155342,1,1
2025-09-20 14:39:00,SH001N0026_ACSR000001,3,2.300415e-05,2.300415e-05,0,1
2025-09-20 14:39:00,SH001N0026_ACSR000001,4,2.300415e-05,2.300415e-05,0,1
2025-09-20 14:39:00,SH001N0026_ACSR000001,5,2.300415e-05,2.300415e-05,0,1
2025-09-20 14:39:00,SH001N0026_ACSR000001,6,2.300415e-05,2.300415e-05,0,1
2025-09-20 14:39:00,SH001N0026_ACSR000001,7,2.300415e-05,2.300415e-05,0,1
2025-09-20 14:39:00,SH001N0026_ACSR000001,8,2.300415e-05,2.300415e-05,0,1
2025-09-20 14:39:00,SH001N0026_ACSR000001,9,2.300415e-05,2.300415e-05,0,1
2025-09-20 14:39:00,SH001N0026_ACSR000002,1,0.00016455316,0.0003393669,1,1
2025-09-20 14:39:00,SH001N0026_ACSR000002,2,0.00042765308,0.00015386486,0,1
2025-09-20 14:39:00,SH001N0026_ACSR000002,3,0.0001285365,0.00018108501,1,1
2025-09-20 14:39:00,SH001N0026_ACSR000002,4,0.00021313776,0.00018060804,0,1
2025-09-20 14:39:00,SH001N0026_ACSR000002,5,2.300415e-05,2.300415e-05,0,1
2025-09-20 14:39:00,SH001N0026_ACSR000002,6,2.300415e-05,2.300415e-05,0,1
2025-09-20 14:39:00,SH001N0026_ACSR000002,7,2.300415e-05,2.300415e-05,0,1
2025-09-20 14:39:00,SH001N0026_ACSR000002,8,2.300415e-05,2.300415e-05,0,1
2025-09-20 14:39:00,SH001N0026_ACSR000002,9,2.300415e-05,2.300415e-05,0,1
2025-09-20 14:39:00,SH001N0026_ACSR000003,1,0.00021102886,0.0002677433,1,1
2025-09-20 14:39:00,SH001N0026_ACSR000003,2,0.00029680785,5.9578342e-05,0,1
2025-09-20 14:39:00,SH001N0026_ACSR000003,3,0.00018128719,0.00018128719,0,1
2025-09-20 14:39:00,SH001N0026_ACSR000003,4,0.00039055926,5.994956e-05,0,1
2025-09-20 14:39:00,SH001N0026_ACSR000003,5,2.300415e-05,2.300415e-05,0,1
2025-09-20 14:39:00,SH001N0026_ACSR000003,6,2.300415e-05,2.300415e-05,0,1
2025-09-20 14:39:00,SH001N0026_ACSR000003,7,2.300415e-05,2.300415e-05,0,1
2025-09-20 14:39:00,SH001N0026_ACSR000003,8,2.300415e-05,2.300415e-05,0,1
2025-09-20 14:39:00,SH001N0026_ACSR000003,9,2.300415e-05,2.300415e-05,0,1
2025-09-20 14:39:00,SH001N0026_ACSR000004,1,0.0006115228,0.00010968274,0,1
2025-09-20 14:39:00,SH001N0026_ACSR000004,2,0.0015487607,0.00019825755,0,1
2025-09-20 14:39:00,SH001N0026_ACSR000004,3,0.00021081175,0.00024448644,1,1
2025-09-20 14:39:00,SH001N0026_ACSR000004,4,0.00046784946,0.0003036812,0,1
2025-09-20 14:39:00,SH001N0026_ACSR000004,5,2.300415e-05,2.300415e-05,0,1
2025-09-20 14:39:00,SH001N0026_ACSR000004,6,2.300415e-05,2.300415e-05,0,1
2025-09-20 14:39:00,SH001N0026_ACSR000004,7,2.300415e-05,2.300415e-05,0,1
2025-09-20 14:39:00,SH001N0026_ACSR000004,8,2.300415e-05,2.300415e-05,0,1
2025-09-20 14:39:00,SH001N0026_ACSR000004,9,2.300415e-05,2.300415e-05,0,1
2025-09-20 14:39:00,SH001N0027_ACSR000001,1,0.034839537,0.00012284878,0,0
2025-09-20 14:39:00,SH001N0027_ACSR000001,2,0.00034266186,0.0002231519,0,0
2025-09-20 14:39:00,SH001N0027_ACSR000001,3,0.00015481931,0.00014142632,0,0
2025-09-20 14:39:00,SH001N0027_ACSR000001,4,3.7471902e-05,3.7471902e-05,0,0
2025-09-20 14:39:00,SH001N0027_ACSR000001,5,2.300415e-05,2.300415e-05,0,0
2025-09-20 14:39:00,SH001N0027_ACSR000001,6,2.300415e-05,2.300415e-05,0,0
2025-09-20 14:39:00,SH001N0027_ACSR000001,7,2.300415e-05,2.300415e-05,0,0
2025-09-20 14:39:00,SH001N0027_ACSR000001,8,2.300415e-05,2.300415e-05,0,0
2025-09-20 14:39:00,SH001N0027_ACSR000001,9,2.300415e-05,2.300415e-05,0,0
2025-09-20 14:39:00,SH001N0027_ACSR000002,1,0.00026928444,0.00032551258,1,1
2025-09-20 14:39:00,SH001N0027_ACSR000002,2,0.0015808049,0.000103641745,0,1
2025-09-20 14:39:00,SH001N0027_ACSR000002,3,2.300415e-05,2.300415e-05,0,1
2025-09-20 14:39:00,SH001N0027_ACSR000002,4,2.300415e-05,2.300415e-05,0,1
2025-09-20 14:39:00,SH001N0027_ACSR000002,5,2.300415e-05,2.300415e-05,0,1
2025-09-20 14:39:00,SH001N0027_ACSR000002,6,2.300415e-05,2.300415e-05,0,1
2025-09-20 14:39:00,SH001N0027_ACSR000002,7,2.300415e-05,2.300415e-05,0,1
2025-09-20 14:39:00,SH001N0027_ACSR000002,8,2.300415e-05,2.300415e-05,0,1
2025-09-20 14:39:00,SH001N0027_ACSR000002,9,2.300415e-05,2.300415e-05,0,1
2025-09-20 14:39:00,SH001N0027_ACSR000003,1,0.00016749655,0.00010199183,0,0
2025-09-20 14:39:00,SH001N0027_ACSR000003,2,0.00013339576,5.9190243e-05,0,0
2025-09-20 14:39:00,SH001N0027_ACSR000003,3,0.00026819008,0.0001410577,0,0
2025-09-20 14:39:00,SH001N0027_ACSR000003,4,3.7471902e-05,3.7471902e-05,0,0
2025-09-20 14:39:00,SH001N0027_ACSR000003,5,2.300415e-05,2.300415e-05,0,0
2025-09-20 14:39:00,SH001N0027_ACSR000003,6,2.300415e-05,2.300415e-05,0,0
2025-09-20 14:39:00,SH001N0027_ACSR000003,7,2.300415e-05,2.300415e-05,0,0
2025-09-20 14:39:00,SH001N0027_ACSR000003,8,2.300415e-05,2.300415e-05,0,0
2025-09-20 14:39:00,SH001N0027_ACSR000003,9,2.300415e-05,2.300415e-05,0,0
2025-09-20 14:39:00,SH001N0027_ACSR000004,1,0.000918767,0.00021031598,0,0
2025-09-20 14:39:00,SH001N0027_ACSR000004,2,0.0014004309,0.00034791447,0,0
2025-09-20 14:39:00,SH001N0027_ACSR000004,3,0.0001754112,0.00017405897,0,0
2025-09-20 14:39:00,SH001N0027_ACSR000004,4,0.0045435983,0.00023100407,0,0
2025-09-20 14:39:00,SH001N0027_ACSR000004,5,2.300415e-05,2.300415e-05,0,0
2025-09-20 14:39:00,SH001N0027_ACSR000004,6,2.300415e-05,2.300415e-05,0,0
2025-09-20 14:39:00,SH001N0027_ACSR000004,7,2.300415e-05,2.300415e-05,0,0
2025-09-20 14:39:00,SH001N0027_ACSR000004,8,2.300415e-05,2.300415e-05,0,0
2025-09-20 14:39:00,SH001N0027_ACSR000004,9,2.300415e-05,2.300415e-05,0,0
2025-09-20 14:39:00,SH001N0028_ACSR000001,1,0.00025264168,0.000162842,0,0
2025-09-20 14:39:00,SH001N0028_ACSR000001,2,0.00014625968,8.41249e-05,0,0
2025-09-20 14:39:00,SH001N0028_ACSR000001,3,0.0015230213,6.938192e-05,0,0
2025-09-20 14:39:00,SH001N0028_ACSR000001,4,2.300415e-05,2.300415e-05,0,0
2025-09-20 14:39:00,SH001N0028_ACSR000001,5,2.300415e-05,2.300415e-05,0,0
2025-09-20 14:39:00,SH001N0028_ACSR000001,6,2.300415e-05,2.300415e-05,0,0
2025-09-20 14:39:00,SH001N0028_ACSR000001,7,2.300415e-05,2.300415e-05,0,0
2025-09-20 14:39:00,SH001N0028_ACSR000001,8,2.300415e-05,2.300415e-05,0,0
2025-09-20 14:39:00,SH001N0028_ACSR000001,9,2.300415e-05,2.300415e-05,0,0
2025-09-20 14:39:00,SH001N0028_ACSR000002,1,0.0009106428,0.00018700538,0,0
2025-09-20 14:39:00,SH001N0028_ACSR000002,2,0.00056765595,9.005575e-05,0,0
2025-09-20 14:39:00,SH001N0028_ACSR000002,3,0.0018396798,8.2272e-05,0,0
2025-09-20 14:39:00,SH001N0028_ACSR000002,4,0.00036587755,0.00029284097,0,0
2025-09-20 14:39:00,SH001N0028_ACSR000002,5,2.300415e-05,2.300415e-05,0,0
2025-09-20 14:39:00,SH001N0028_ACSR000002,6,2.300415e-05,2.300415e-05,0,0
2025-09-20 14:39:00,SH001N0028_ACSR000002,7,2.300415e-05,2.300415e-05,0,0
2025-09-20 14:39:00,SH001N0028_ACSR000002,8,2.300415e-05,2.300415e-05,0,0
2025-09-20 14:39:00,SH001N0028_ACSR000002,9,2.300415e-05,2.300415e-05,0,0
2025-09-20 14:39:00,SH001N0028_ACSR000003,1,0.0018311085,0.0011370616,0,0
2025-09-20 14:39:00,SH001N0028_ACSR000003,2,0.00010921275,3.4122462e-05,0,0
2025-09-20 14:39:00,SH001N0028_ACSR000003,3,0.0036808741,6.173643e-05,0,0
2025-09-20 14:39:00,SH001N0028_ACSR000003,4,2.300415e-05,2.300415e-05,0,0
2025-09-20 14:39:00,SH001N0028_ACSR000003,5,2.300415e-05,2.300415e-05,0,0
2025-09-20 14:39:00,SH001N0028_ACSR000003,6,2.300415e-05,2.300415e-05,0,0
2025-09-20 14:39:00,SH001N0028_ACSR000003,7,2.300415e-05,2.300415e-05,0,0
2025-09-20 14:39:00,SH001N0028_ACSR000003,8,2.300415e-05,2.300415e-05,0,0
2025-09-20 14:39:00,SH001N0028_ACSR000003,9,2.300415e-05,2.300415e-05,0,0
2025-09-20 14:39:00,SH001N0028_ACSR000004,1,0.00025170262,8.1833736e-05,0,1
2025-09-20 14:39:00,SH001N0028_ACSR000004,2,0.00074521085,0.00056931324,0,1
2025-09-20 14:39:00,SH001N0028_ACSR000004,3,0.00057097053,0.0013964836,1,1
2025-09-20 14:39:00,SH001N0028_ACSR000004,4,0.00058258703,0.00028099396,0,1
2025-09-20 14:39:00,SH001N0028_ACSR000004,5,2.300415e-05,2.300415e-05,0,1
2025-09-20 14:39:00,SH001N0028_ACSR000004,6,2.300415e-05,2.300415e-05,0,1
2025-09-20 14:39:00,SH001N0028_ACSR000004,7,2.300415e-05,2.300415e-05,0,1
2025-09-20 14:39:00,SH001N0028_ACSR000004,8,2.300415e-05,2.300415e-05,0,1
2025-09-20 14:39:00,SH001N0028_ACSR000004,9,2.300415e-05,2.300415e-05,0,1
2025-09-20 14:39:00,SH001N0035_ACSR000001,1,148.33847,7.432515e-05,0,0
2025-09-20 14:39:00,SH001N0035_ACSR000001,2,0.0033261108,0.0004132929,0,0
2025-09-20 14:39:00,SH001N0035_ACSR000001,3,2.300415e-05,2.300415e-05,0,0
2025-09-20 14:39:00,SH001N0035_ACSR000001,4,2.300415e-05,2.300415e-05,0,0
2025-09-20 14:39:00,SH001N0035_ACSR000001,5,2.300415e-05,2.300415e-05,0,0
2025-09-20 14:39:00,SH001N0035_ACSR000001,6,2.300415e-05,2.300415e-05,0,0
2025-09-20 14:39:00,SH001N0035_ACSR000001,7,2.300415e-05,2.300415e-05,0,0
2025-09-20 14:39:00,SH001N0035_ACSR000001,8,2.300415e-05,2.300415e-05,0,0
2025-09-20 14:39:00,SH001N0035_ACSR000001,9,2.300415e-05,2.300415e-05,0,0
2025-09-20 14:39:00,SH001N0035_ACSR000002,1,0.00027461135,6.6903674e-05,0,0
2025-09-20 14:39:00,SH001N0035_ACSR000002,2,8.867593e-05,5.1440325e-05,0,0
2025-09-20 14:39:00,SH001N0035_ACSR000002,3,2.300415e-05,2.300415e-05,0,0
2025-09-20 14:39:00,SH001N0035_ACSR000002,4,2.300415e-05,2.300415e-05,0,0
2025-09-20 14:39:00,SH001N0035_ACSR000002,5,2.300415e-05,2.300415e-05,0,0
2025-09-20 14:39:00,SH001N0035_ACSR000002,6,2.300415e-05,2.300415e-05,0,0
2025-09-20 14:39:00,SH001N0035_ACSR000002,7,2.300415e-05,2.300415e-05,0,0
2025-09-20 14:39:00,SH001N0035_ACSR000002,8,2.300415e-05,2.300415e-05,0,0
2025-09-20 14:39:00,SH001N0035_ACSR000002,9,2.300415e-05,2.300415e-05,0,0
2025-09-20 14:39:00,SH001N0035_ACSR000003,1,0.00019211577,0.0012619087,1,1
2025-09-20 14:39:00,SH001N0035_ACSR000003,2,0.00046794358,0.00026774543,0,1
2025-09-20 14:39:00,SH001N0035_ACSR000003,3,0.000976423,0.0001753313,0,1
2025-09-20 14:39:00,SH001N0035_ACSR000003,4,2.300415e-05,2.300415e-05,0,1
2025-09-20 14:39:00,SH001N0035_ACSR000003,5,2.300415e-05,2.300415e-05,0,1
2025-09-20 14:39:00,SH001N0035_ACSR000003,6,2.300415e-05,2.300415e-05,0,1
2025-09-20 14:39:00,SH001N0035_ACSR000003,7,2.300415e-05,2.300415e-05,0,1
2025-09-20 14:39:00,SH001N0035_ACSR000003,8,2.300415e-05,2.300415e-05,0,1
2025-09-20 14:39:00,SH001N0035_ACSR000003,9,2.300415e-05,2.300415e-05,0,1
2025-09-20 14:39:00,SH001N0047_ACSR000001,1,0.006408191,5.2338044e-05,0,1
2025-09-20 14:39:00,SH001N0047_ACSR000001,2,0.00072383054,0.00010886052,0,1
2025-09-20 14:39:00,SH001N0047_ACSR000001,3,0.0005631584,0.0002416436,0,1
2025-09-20 14:39:00,SH001N0047_ACSR000001,4,0.0019087461,0.005791457,1,1
2025-09-20 14:39:00,SH001N0047_ACSR000001,5,2.300415e-05,2.300415e-05,0,1
2025-09-20 14:39:00,SH001N0047_ACSR000001,6,2.300415e-05,2.300415e-05,0,1
2025-09-20 14:39:00,SH001N0047_ACSR000001,7,2.300415e-05,2.300415e-05,0,1
2025-09-20 14:39:00,SH001N0047_ACSR000001,8,2.300415e-05,2.300415e-05,0,1
2025-09-20 14:39:00,SH001N0047_ACSR000001,9,2.300415e-05,2.300415e-05,0,1
2025-09-20 14:39:00,SH001N0047_ACSR000002,1,0.00020707,0.00019581997,0,0
2025-09-20 14:39:00,SH001N0047_ACSR000002,2,0.0066315667,0.00014578667,0,0
2025-09-20 14:39:00,SH001N0047_ACSR000002,3,0.0005809224,0.0005280119,0,0
2025-09-20 14:39:00,SH001N0047_ACSR000002,4,0.0029106422,0.00035615294,0,0
2025-09-20 14:39:00,SH001N0047_ACSR000002,5,0.00016230987,0.0001422918,0,0
2025-09-20 14:39:00,SH001N0047_ACSR000002,6,2.300415e-05,2.300415e-05,0,0
2025-09-20 14:39:00,SH001N0047_ACSR000002,7,2.300415e-05,2.300415e-05,0,0
2025-09-20 14:39:00,SH001N0047_ACSR000002,8,2.300415e-05,2.300415e-05,0,0
2025-09-20 14:39:00,SH001N0047_ACSR000002,9,2.300415e-05,2.300415e-05,0,0
2025-09-20 14:39:00,SH001N0047_ACSR000003,1,0.002209415,0.00011794763,0,1
2025-09-20 14:39:00,SH001N0047_ACSR000003,2,0.0005281379,0.000918133,1,1
2025-09-20 14:39:00,SH001N0047_ACSR000003,3,0.0006745747,0.00015983668,0,1
2025-09-20 14:39:00,SH001N0047_ACSR000003,4,2.300415e-05,2.300415e-05,0,1
2025-09-20 14:39:00,SH001N0047_ACSR000003,5,2.300415e-05,2.300415e-05,0,1
2025-09-20 14:39:00,SH001N0047_ACSR000003,6,2.300415e-05,2.300415e-05,0,1
2025-09-20 14:39:00,SH001N0047_ACSR000003,7,2.300415e-05,2.300415e-05,0,1
2025-09-20 14:39:00,SH001N0047_ACSR000003,8,2.300415e-05,2.300415e-05,0,1
2025-09-20 14:39:00,SH001N0047_ACSR000003,9,2.300415e-05,2.300415e-05,0,1
2025-09-20 14:39:00,SH001N0047_ACSR000004,1,0.0011905192,0.00023481956,0,1
2025-09-20 14:39:00,SH001N0047_ACSR000004,2,0.00094999874,7.9956015e-05,0,1
2025-09-20 14:39:00,SH001N0047_ACSR000004,3,0.13638154,0.001107083,0,1
2025-09-20 14:39:00,SH001N0047_ACSR000004,4,0.0005297263,0.00072146725,1,1
2025-09-20 14:39:00,SH001N0047_ACSR000004,5,0.00030745607,0.00023243828,0,1
2025-09-20 14:39:00,SH001N0047_ACSR000004,6,2.300415e-05,2.300415e-05,0,1
2025-09-20 14:39:00,SH001N0047_ACSR000004,7,2.300415e-05,2.300415e-05,0,1
2025-09-20 14:39:00,SH001N0047_ACSR000004,8,2.300415e-05,2.300415e-05,0,1
2025-09-20 14:39:00,SH001N0047_ACSR000004,9,2.300415e-05,2.300415e-05,0,1
2025-09-20 14:39:00,SH001N0050_ACSR000001,1,0.0004843048,9.678899e-05,0,0
2025-09-20 14:39:00,SH001N0050_ACSR000001,2,10.538819,0.0003406973,0,0
2025-09-20 14:39:00,SH001N0050_ACSR000001,3,0.0028745548,6.85434e-05,0,0
2025-09-20 14:39:00,SH001N0050_ACSR000001,4,2.300415e-05,2.300415e-05,0,0
2025-09-20 14:39:00,SH001N0050_ACSR000001,5,2.300415e-05,2.300415e-05,0,0
2025-09-20 14:39:00,SH001N0050_ACSR000001,6,2.300415e-05,2.300415e-05,0,0
2025-09-20 14:39:00,SH001N0050_ACSR000001,7,2.300415e-05,2.300415e-05,0,0
2025-09-20 14:39:00,SH001N0050_ACSR000001,8,2.300415e-05,2.300415e-05,0,0
2025-09-20 14:39:00,SH001N0050_ACSR000001,9,2.300415e-05,2.300415e-05,0,0
2025-09-20 14:39:00,SH001N0050_ACSR000002,1,0.00017855508,5.4568554e-05,0,0
2025-09-20 14:39:00,SH001N0050_ACSR000002,2,0.00033334264,6.8859976e-05,0,0
2025-09-20 14:39:00,SH001N0050_ACSR000002,3,0.00036611373,5.257893e-05,0,0
2025-09-20 14:39:00,SH001N0050_ACSR000002,4,0.00070690975,0.000286722,0,0
2025-09-20 14:39:00,SH001N0050_ACSR000002,5,0.0006460124,2.014961e-05,0,0
2025-09-20 14:39:00,SH001N0050_ACSR000002,6,0.00014947765,7.876943e-05,0,0
2025-09-20 14:39:00,SH001N0050_ACSR000002,7,2.300415e-05,2.300415e-05,0,0
2025-09-20 14:39:00,SH001N0050_ACSR000002,8,2.300415e-05,2.300415e-05,0,0
2025-09-20 14:39:00,SH001N0050_ACSR000002,9,2.300415e-05,2.300415e-05,0,0
2025-09-20 14:39:00,SH001N0050_ACSR000003,1,0.0006338022,0.00077077997,1,1
2025-09-20 14:39:00,SH001N0050_ACSR000003,2,0.00016978673,0.00032683695,1,1
2025-09-20 14:39:00,SH001N0050_ACSR000003,3,0.0004669993,0.00050431717,1,1
2025-09-20 14:39:00,SH001N0050_ACSR000003,4,2.300415e-05,2.300415e-05,0,1
2025-09-20 14:39:00,SH001N0050_ACSR000003,5,2.300415e-05,2.300415e-05,0,1
2025-09-20 14:39:00,SH001N0050_ACSR000003,6,2.300415e-05,2.300415e-05,0,1
2025-09-20 14:39:00,SH001N0050_ACSR000003,7,2.300415e-05,2.300415e-05,0,1
2025-09-20 14:39:00,SH001N0050_ACSR000003,8,2.300415e-05,2.300415e-05,0,1
2025-09-20 14:39:00,SH001N0050_ACSR000003,9,2.300415e-05,2.300415e-05,0,1
2025-09-20 14:39:00,SH001N0050_ACSR000004,1,0.00045815905,0.00015490157,0,0
2025-09-20 14:39:00,SH001N0050_ACSR000004,2,0.0021021185,0.00010421586,0,0
2025-09-20 14:39:00,SH001N0050_ACSR000004,3,0.0003469673,8.0754384e-05,0,0
2025-09-20 14:39:00,SH001N0050_ACSR000004,4,0.00022522034,8.542942e-05,0,0
2025-09-20 14:39:00,SH001N0050_ACSR000004,5,0.00080095243,0.00067523244,0,0
2025-09-20 14:39:00,SH001N0050_ACSR000004,6,2.300415e-05,2.300415e-05,0,0
2025-09-20 14:39:00,SH001N0050_ACSR000004,7,2.300415e-05,2.300415e-05,0,0
2025-09-20 14:39:00,SH001N0050_ACSR000004,8,2.300415e-05,2.300415e-05,0,0
2025-09-20 14:39:00,SH001N0050_ACSR000004,9,2.300415e-05,2.300415e-05,0,0
2025-09-20 14:39:00,SH001N0051_ACSR000001,1,0.00016596825,9.3964416e-05,0,0
2025-09-20 14:39:00,SH001N0051_ACSR000001,2,0.00044578707,0.00015690779,0,0
2025-09-20 14:39:00,SH001N0051_ACSR000001,3,0.0011994955,0.0006719724,0,0
2025-09-20 14:39:00,SH001N0051_ACSR000001,4,2.300415e-05,2.300415e-05,0,0
2025-09-20 14:39:00,SH001N0051_ACSR000001,5,2.300415e-05,2.300415e-05,0,0
2025-09-20 14:39:00,SH001N0051_ACSR000001,6,2.300415e-05,2.300415e-05,0,0
2025-09-20 14:39:00,SH001N0051_ACSR000001,7,2.300415e-05,2.300415e-05,0,0
2025-09-20 14:39:00,SH001N0051_ACSR000001,8,2.300415e-05,2.300415e-05,0,0
2025-09-20 14:39:00,SH001N0051_ACSR000001,9,2.300415e-05,2.300415e-05,0,0
2025-09-20 14:39:00,SH001N0051_ACSR000002,1,0.002547413,9.957542e-05,0,0
2025-09-20 14:39:00,SH001N0051_ACSR000002,2,0.00030932433,0.00010561136,0,0
2025-09-20 14:39:00,SH001N0051_ACSR000002,3,0.00087172847,0.0006212073,0,0
2025-09-20 14:39:00,SH001N0051_ACSR000002,4,2.300415e-05,2.300415e-05,0,0
2025-09-20 14:39:00,SH001N0051_ACSR000002,5,2.300415e-05,2.300415e-05,0,0
2025-09-20 14:39:00,SH001N0051_ACSR000002,6,2.300415e-05,2.300415e-05,0,0
2025-09-20 14:39:00,SH001N0051_ACSR000002,7,2.300415e-05,2.300415e-05,0,0
2025-09-20 14:39:00,SH001N0051_ACSR000002,8,2.300415e-05,2.300415e-05,0,0
2025-09-20 14:39:00,SH001N0051_ACSR000002,9,2.300415e-05,2.300415e-05,0,0
2025-09-20 14:39:00,SH001N0051_ACSR000003,1,0.00012764764,4.307204e-05,0,0
2025-09-20 14:39:00,SH001N0051_ACSR000003,2,0.00037498915,0.00011390374,0,0
2025-09-20 14:39:00,SH001N0051_ACSR000003,3,2.300415e-05,2.300415e-05,0,0
2025-09-20 14:39:00,SH001N0051_ACSR000003,4,2.300415e-05,2.300415e-05,0,0
2025-09-20 14:39:00,SH001N0051_ACSR000003,5,2.300415e-05,2.300415e-05,0,0
2025-09-20 14:39:00,SH001N0051_ACSR000003,6,2.300415e-05,2.300415e-05,0,0
2025-09-20 14:39:00,SH001N0051_ACSR000003,7,2.300415e-05,2.300415e-05,0,0
2025-09-20 14:39:00,SH001N0051_ACSR000003,8,2.300415e-05,2.300415e-05,0,0
2025-09-20 14:39:00,SH001N0051_ACSR000003,9,2.300415e-05,2.300415e-05,0,0
2025-09-20 14:39:00,SH001N0051_ACSR000004,1,0.0003482568,9.095213e-05,0,0
2025-09-20 14:39:00,SH001N0051_ACSR000004,2,0.00031969466,0.00019552681,0,0
2025-09-20 14:39:00,SH001N0051_ACSR000004,3,0.00035969092,0.00015885546,0,0
2025-09-20 14:39:00,SH001N0051_ACSR000004,4,0.00027729114,8.8445515e-05,0,0
2025-09-20 14:39:00,SH001N0051_ACSR000004,5,2.300415e-05,2.300415e-05,0,0
2025-09-20 14:39:00,SH001N0051_ACSR000004,6,2.300415e-05,2.300415e-05,0,0
2025-09-20 14:39:00,SH001N0051_ACSR000004,7,2.300415e-05,2.300415e-05,0,0
2025-09-20 14:39:00,SH001N0051_ACSR000004,8,2.300415e-05,2.300415e-05,0,0
2025-09-20 14:39:00,SH001N0051_ACSR000004,9,2.300415e-05,2.300415e-05,0,0
2025-09-20 14:39:00,SH001N0052_ACSR000001,1,0.0018047324,0.00048402054,0,0
2025-09-20 14:39:00,SH001N0052_ACSR000001,2,0.0015428315,0.00025941982,0,0
2025-09-20 14:39:00,SH001N0052_ACSR000001,3,2.300415e-05,2.300415e-05,0,0
2025-09-20 14:39:00,SH001N0052_ACSR000001,4,2.300415e-05,2.300415e-05,0,0
2025-09-20 14:39:00,SH001N0052_ACSR000001,5,2.300415e-05,2.300415e-05,0,0
2025-09-20 14:39:00,SH001N0052_ACSR000001,6,2.300415e-05,2.300415e-05,0,0
2025-09-20 14:39:00,SH001N0052_ACSR000001,7,2.300415e-05,2.300415e-05,0,0
2025-09-20 14:39:00,SH001N0052_ACSR000001,8,2.300415e-05,2.300415e-05,0,0
2025-09-20 14:39:00,SH001N0052_ACSR000001,9,2.300415e-05,2.300415e-05,0,0
2025-09-20 14:39:00,SH001N0052_ACSR000002,1,0.00029341126,0.00026585933,0,1
2025-09-20 14:39:00,SH001N0052_ACSR000002,2,0.00025218012,0.00023880467,0,1
2025-09-20 14:39:00,SH001N0052_ACSR000002,3,0.0001816478,0.000604262,1,1
2025-09-20 14:39:00,SH001N0052_ACSR000002,4,0.0013201245,0.0020833628,1,1
2025-09-20 14:39:00,SH001N0052_ACSR000002,5,2.300415e-05,2.300415e-05,0,1
2025-09-20 14:39:00,SH001N0052_ACSR000002,6,2.300415e-05,2.300415e-05,0,1
2025-09-20 14:39:00,SH001N0052_ACSR000002,7,2.300415e-05,2.300415e-05,0,1
2025-09-20 14:39:00,SH001N0052_ACSR000002,8,2.300415e-05,2.300415e-05,0,1
2025-09-20 14:39:00,SH001N0052_ACSR000002,9,2.300415e-05,2.300415e-05,0,1
2025-09-20 14:39:00,SH001N0052_ACSR000003,1,0.0002904296,0.00012341062,0,0
2025-09-20 14:39:00,SH001N0052_ACSR000003,2,0.0004423164,4.4915723e-05,0,0
2025-09-20 14:39:00,SH001N0052_ACSR000003,3,0.0018190688,0.00012769787,0,0
2025-09-20 14:39:00,SH001N0052_ACSR000003,4,2.300415e-05,2.300415e-05,0,0
2025-09-20 14:39:00,SH001N0052_ACSR000003,5,2.300415e-05,2.300415e-05,0,0
2025-09-20 14:39:00,SH001N0052_ACSR000003,6,2.300415e-05,2.300415e-05,0,0
2025-09-20 14:39:00,SH001N0052_ACSR000003,7,2.300415e-05,2.300415e-05,0,0
2025-09-20 14:39:00,SH001N0052_ACSR000003,8,2.300415e-05,2.300415e-05,0,0
2025-09-20 14:39:00,SH001N0052_ACSR000003,9,2.300415e-05,2.300415e-05,0,0
2025-09-20 14:39:00,SH001N0053_ACSR000001,1,0.001715289,0.00023690892,0,1
2025-09-20 14:39:00,SH001N0053_ACSR000001,2,0.00018971438,6.495076e-05,0,1
2025-09-20 14:39:00,SH001N0053_ACSR000001,3,0.00012808286,0.00013237857,1,1
2025-09-20 14:39:00,SH001N0053_ACSR000001,4,0.00026240546,0.0001816059,0,1
2025-09-20 14:39:00,SH001N0053_ACSR000001,5,2.300415e-05,2.300415e-05,0,1
2025-09-20 14:39:00,SH001N0053_ACSR000001,6,2.300415e-05,2.300415e-05,0,1
2025-09-20 14:39:00,SH001N0053_ACSR000001,7,2.300415e-05,2.300415e-05,0,1
2025-09-20 14:39:00,SH001N0053_ACSR000001,8,2.300415e-05,2.300415e-05,0,1
2025-09-20 14:39:00,SH001N0053_ACSR000001,9,2.300415e-05,2.300415e-05,0,1
2025-09-20 14:39:00,SH001N0053_ACSR000002,1,0.000118022326,0.00024525187,1,1
2025-09-20 14:39:00,SH001N0053_ACSR000002,2,0.00021681304,0.00012256004,0,1
2025-09-20 14:39:00,SH001N0053_ACSR000002,3,2.300415e-05,2.300415e-05,0,1
2025-09-20 14:39:00,SH001N0053_ACSR000002,4,2.300415e-05,2.300415e-05,0,1
2025-09-20 14:39:00,SH001N0053_ACSR000002,5,2.300415e-05,2.300415e-05,0,1
2025-09-20 14:39:00,SH001N0053_ACSR000002,6,2.300415e-05,2.300415e-05,0,1
2025-09-20 14:39:00,SH001N0053_ACSR000002,7,2.300415e-05,2.300415e-05,0,1
2025-09-20 14:39:00,SH001N0053_ACSR000002,8,2.300415e-05,2.300415e-05,0,1
2025-09-20 14:39:00,SH001N0053_ACSR000002,9,2.300415e-05,2.300415e-05,0,1
2025-09-20 14:39:00,SH001N0053_ACSR000003,1,0.0014535587,7.0539885e-05,0,0
2025-09-20 14:39:00,SH001N0053_ACSR000003,2,0.00020451774,6.814023e-05,0,0
2025-09-20 14:39:00,SH001N0053_ACSR000003,3,0.0001490468,9.082235e-05,0,0
2025-09-20 14:39:00,SH001N0053_ACSR000003,4,0.00055339833,0.0001763303,0,0
2025-09-20 14:39:00,SH001N0053_ACSR000003,5,2.300415e-05,2.300415e-05,0,0
2025-09-20 14:39:00,SH001N0053_ACSR000003,6,2.300415e-05,2.300415e-05,0,0
2025-09-20 14:39:00,SH001N0053_ACSR000003,7,2.300415e-05,2.300415e-05,0,0
2025-09-20 14:39:00,SH001N0053_ACSR000003,8,2.300415e-05,2.300415e-05,0,0
2025-09-20 14:39:00,SH001N0053_ACSR000003,9,2.300415e-05,2.300415e-05,0,0
2025-09-20 14:39:00,SH001N0053_ACSR000004,1,0.00011918684,0.00015190984,1,1
2025-09-20 14:39:00,SH001N0053_ACSR000004,2,0.0018136211,0.00018705675,0,1
2025-09-20 14:39:00,SH001N0053_ACSR000004,3,0.00022743862,0.00045546403,1,1
2025-09-20 14:39:00,SH001N0053_ACSR000004,4,2.300415e-05,2.300415e-05,0,1
2025-09-20 14:39:00,SH001N0053_ACSR000004,5,2.300415e-05,2.300415e-05,0,1
2025-09-20 14:39:00,SH001N0053_ACSR000004,6,2.300415e-05,2.300415e-05,0,1
2025-09-20 14:39:00,SH001N0053_ACSR000004,7,2.300415e-05,2.300415e-05,0,1
2025-09-20 14:39:00,SH001N0053_ACSR000004,8,2.300415e-05,2.300415e-05,0,1
2025-09-20 14:39:00,SH001N0053_ACSR000004,9,2.300415e-05,2.300415e-05,0,1
2025-09-20 14:39:00,SH001N0054_ACSR000001,1,0.0002975757,0.0015557021,1,1
2025-09-20 14:39:00,SH001N0054_ACSR000001,2,0.0011203487,0.00051477994,0,1
2025-09-20 14:39:00,SH001N0054_ACSR000001,3,0.0010472318,0.00043282247,0,1
2025-09-20 14:39:00,SH001N0054_ACSR000001,4,0.00055304734,7.3273746e-05,0,1
2025-09-20 14:39:00,SH001N0054_ACSR000001,5,2.300415e-05,2.300415e-05,0,1
2025-09-20 14:39:00,SH001N0054_ACSR000001,6,2.300415e-05,2.300415e-05,0,1
2025-09-20 14:39:00,SH001N0054_ACSR000001,7,2.300415e-05,2.300415e-05,0,1
2025-09-20 14:39:00,SH001N0054_ACSR000001,8,2.300415e-05,2.300415e-05,0,1
2025-09-20 14:39:00,SH001N0054_ACSR000001,9,2.300415e-05,2.300415e-05,0,1
2025-09-20 14:39:00,SH001N0054_ACSR000002,1,260.54834,4.3881108e-05,0,0
2025-09-20 14:39:00,SH001N0054_ACSR000002,2,2.300415e-05,2.300415e-05,0,0
2025-09-20 14:39:00,SH001N0054_ACSR000002,3,2.300415e-05,2.300415e-05,0,0
2025-09-20 14:39:00,SH001N0054_ACSR000002,4,2.300415e-05,2.300415e-05,0,0
2025-09-20 14:39:00,SH001N0054_ACSR000002,5,2.300415e-05,2.300415e-05,0,0
2025-09-20 14:39:00,SH001N0054_ACSR000002,6,2.300415e-05,2.300415e-05,0,0
2025-09-20 14:39:00,SH001N0054_ACSR000002,7,2.300415e-05,2.300415e-05,0,0
2025-09-20 14:39:00,SH001N0054_ACSR000002,8,2.300415e-05,2.300415e-05,0,0
2025-09-20 14:39:00,SH001N0054_ACSR000002,9,2.300415e-05,2.300415e-05,0,0
2025-09-20 14:39:00,SH001N0054_ACSR000003,1,0.0024345038,4.265885e-05,0,1
2025-09-20 14:39:00,SH001N0054_ACSR000003,2,0.0003726098,0.0003441972,0,1
2025-09-20 14:39:00,SH001N0054_ACSR000003,3,0.00038165908,0.0013612558,1,1
2025-09-20 14:39:00,SH001N0054_ACSR000003,4,0.0009275738,6.275424e-05,0,1
2025-09-20 14:39:00,SH001N0054_ACSR000003,5,2.300415e-05,2.300415e-05,0,1
2025-09-20 14:39:00,SH001N0054_ACSR000003,6,2.300415e-05,2.300415e-05,0,1
2025-09-20 14:39:00,SH001N0054_ACSR000003,7,2.300415e-05,2.300415e-05,0,1
2025-09-20 14:39:00,SH001N0054_ACSR000003,8,2.300415e-05,2.300415e-05,0,1
2025-09-20 14:39:00,SH001N0054_ACSR000003,9,2.300415e-05,2.300415e-05,0,1
2025-09-20 14:39:00,SH001N0055_ACSR000001,1,0.00019006555,0.00083407236,1,1
2025-09-20 14:39:00,SH001N0055_ACSR000001,2,0.0016587664,8.915649e-05,0,1
2025-09-20 14:39:00,SH001N0055_ACSR000001,3,0.001223931,4.336317e-05,0,1
2025-09-20 14:39:00,SH001N0055_ACSR000001,4,2.300415e-05,2.300415e-05,0,1
2025-09-20 14:39:00,SH001N0055_ACSR000001,5,2.300415e-05,2.300415e-05,0,1
2025-09-20 14:39:00,SH001N0055_ACSR000001,6,2.300415e-05,2.300415e-05,0,1
2025-09-20 14:39:00,SH001N0055_ACSR000001,7,2.300415e-05,2.300415e-05,0,1
2025-09-20 14:39:00,SH001N0055_ACSR000001,8,2.300415e-05,2.300415e-05,0,1
2025-09-20 14:39:00,SH001N0055_ACSR000001,9,2.300415e-05,2.300415e-05,0,1
2025-09-20 14:39:00,SH001N0055_ACSR000002,1,0.0006962227,0.0006018483,0,0
2025-09-20 14:39:00,SH001N0055_ACSR000002,2,0.000377257,0.00023218592,0,0
2025-09-20 14:39:00,SH001N0055_ACSR000002,3,0.00029641957,0.00018381809,0,0
2025-09-20 14:39:00,SH001N0055_ACSR000002,4,0.0007593714,0.00025693627,0,0
2025-09-20 14:39:00,SH001N0055_ACSR000002,5,0.0005169265,8.772997e-05,0,0
2025-09-20 14:39:00,SH001N0055_ACSR000002,6,2.300415e-05,2.300415e-05,0,0
2025-09-20 14:39:00,SH001N0055_ACSR000002,7,2.300415e-05,2.300415e-05,0,0
2025-09-20 14:39:00,SH001N0055_ACSR000002,8,2.300415e-05,2.300415e-05,0,0
2025-09-20 14:39:00,SH001N0055_ACSR000002,9,2.300415e-05,2.300415e-05,0,0
2025-09-20 14:39:00,SH001N0055_ACSR000003,1,0.00129446,4.5135523e-05,0,1
2025-09-20 14:39:00,SH001N0055_ACSR000003,2,4.5101096e-05,4.5101096e-05,0,1
2025-09-20 14:39:00,SH001N0055_ACSR000003,3,0.00022371672,0.00028728924,1,1
2025-09-20 14:39:00,SH001N0055_ACSR000003,4,2.300415e-05,2.300415e-05,0,1
2025-09-20 14:39:00,SH001N0055_ACSR000003,5,2.300415e-05,2.300415e-05,0,1
2025-09-20 14:39:00,SH001N0055_ACSR000003,6,2.300415e-05,2.300415e-05,0,1
2025-09-20 14:39:00,SH001N0055_ACSR000003,7,2.300415e-05,2.300415e-05,0,1
2025-09-20 14:39:00,SH001N0055_ACSR000003,8,2.300415e-05,2.300415e-05,0,1
2025-09-20 14:39:00,SH001N0055_ACSR000003,9,2.300415e-05,2.300415e-05,0,1
2025-09-20 14:39:00,SH001N0055_ACSR000004,1,3.7471902e-05,0.0019592973,1,1
2025-09-20 14:39:00,SH001N0055_ACSR000004,2,0.00040226226,0.00018819365,0,1
2025-09-20 14:39:00,SH001N0055_ACSR000004,3,0.00034779884,0.0004197801,1,1
2025-09-20 14:39:00,SH001N0055_ACSR000004,4,0.00074898894,0.00034985406,0,1
2025-09-20 14:39:00,SH001N0055_ACSR000004,5,0.00041419687,7.165679e-05,0,1
2025-09-20 14:39:00,SH001N0055_ACSR000004,6,2.300415e-05,2.300415e-05,0,1
2025-09-20 14:39:00,SH001N0055_ACSR000004,7,2.300415e-05,2.300415e-05,0,1
2025-09-20 14:39:00,SH001N0055_ACSR000004,8,2.300415e-05,2.300415e-05,0,1
2025-09-20 14:39:00,SH001N0055_ACSR000004,9,2.300415e-05,2.300415e-05,0,1
2025-09-20 14:39:00,SH001N0056_ACSR000001,1,0.0013808584,0.00010601713,0,1
2025-09-20 14:39:00,SH001N0056_ACSR000001,2,4.6818147,0.00015216807,0,1
2025-09-20 14:39:00,SH001N0056_ACSR000001,3,0.00033898905,0.00060771505,1,1
2025-09-20 14:39:00,SH001N0056_ACSR000001,4,0.0001786262,0.00017382686,0,1
2025-09-20 14:39:00,SH001N0056_ACSR000001,5,0.0026814411,0.00012715276,0,1
2025-09-20 14:39:00,SH001N0056_ACSR000001,6,2.300415e-05,2.300415e-05,0,1
2025-09-20 14:39:00,SH001N0056_ACSR000001,7,2.300415e-05,2.300415e-05,0,1
2025-09-20 14:39:00,SH001N0056_ACSR000001,8,2.300415e-05,2.300415e-05,0,1
2025-09-20 14:39:00,SH001N0056_ACSR000001,9,2.300415e-05,2.300415e-05,0,1
2025-09-20 14:39:00,SH001N0056_ACSR000002,1,0.00061153003,5.9539136e-05,0,0
2025-09-20 14:39:00,SH001N0056_ACSR000002,2,0.0015577745,2.8104456e-05,0,0
2025-09-20 14:39:00,SH001N0056_ACSR000002,3,0.008497368,0.00036927746,0,0
2025-09-20 14:39:00,SH001N0056_ACSR000002,4,0.0019559436,0.00027116947,0,0
2025-09-20 14:39:00,SH001N0056_ACSR000002,5,2.300415e-05,2.300415e-05,0,0
2025-09-20 14:39:00,SH001N0056_ACSR000002,6,2.300415e-05,2.300415e-05,0,0
2025-09-20 14:39:00,SH001N0056_ACSR000002,7,2.300415e-05,2.300415e-05,0,0
2025-09-20 14:39:00,SH001N0056_ACSR000002,8,2.300415e-05,2.300415e-05,0,0
2025-09-20 14:39:00,SH001N0056_ACSR000002,9,2.300415e-05,2.300415e-05,0,0
2025-09-20 14:39:00,SH001N0056_ACSR000003,1,0.0006850637,2.4665436e-05,0,0
2025-09-20 14:39:00,SH001N0056_ACSR000003,2,0.00028069856,0.00028069856,0,0
2025-09-20 14:39:00,SH001N0056_ACSR000003,3,0.00046334663,9.589126e-05,0,0
2025-09-20 14:39:00,SH001N0056_ACSR000003,4,0.00018185964,0.000102881946,0,0
2025-09-20 14:39:00,SH001N0056_ACSR000003,5,0.0004922772,7.449047e-05,0,0
2025-09-20 14:39:00,SH001N0056_ACSR000003,6,2.300415e-05,2.300415e-05,0,0
2025-09-20 14:39:00,SH001N0056_ACSR000003,7,2.300415e-05,2.300415e-05,0,0
2025-09-20 14:39:00,SH001N0056_ACSR000003,8,2.300415e-05,2.300415e-05,0,0
2025-09-20 14:39:00,SH001N0056_ACSR000003,9,2.300415e-05,2.300415e-05,0,0
2025-09-20 14:39:00,SH001N0056_ACSR000004,1,5.626275e-05,5.626275e-05,0,0
2025-09-20 14:39:00,SH001N0056_ACSR000004,2,0.00473588,4.5116194e-05,0,0
2025-09-20 14:39:00,SH001N0056_ACSR000004,3,0.017873345,0.00016594012,0,0
2025-09-20 14:39:00,SH001N0056_ACSR000004,4,2.300415e-05,2.300415e-05,0,0
2025-09-20 14:39:00,SH001N0056_ACSR000004,5,2.300415e-05,2.300415e-05,0,0
2025-09-20 14:39:00,SH001N0056_ACSR000004,6,2.300415e-05,2.300415e-05,0,0
2025-09-20 14:39:00,SH001N0056_ACSR000004,7,2.300415e-05,2.300415e-05,0,0
2025-09-20 14:39:00,SH001N0056_ACSR000004,8,2.300415e-05,2.300415e-05,0,0
2025-09-20 14:39:00,SH001N0056_ACSR000004,9,2.300415e-05,2.300415e-05,0,0
2025-09-20 14:39:00,SH001N0057_ACSR000001,1,2.300415e-05,2.300415e-05,0,1
2025-09-20 14:39:00,SH001N0057_ACSR000001,2,2.300415e-05,2.300415e-05,0,1
2025-09-20 14:39:00,SH001N0057_ACSR000001,3,2.9634182e-05,0.008053535,1,1
2025-09-20 14:39:00,SH001N0057_ACSR000001,4,2.300415e-05,2.300415e-05,0,1
2025-09-20 14:39:00,SH001N0057_ACSR000001,5,2.300415e-05,2.300415e-05,0,1
2025-09-20 14:39:00,SH001N0057_ACSR000001,6,2.300415e-05,2.300415e-05,0,1
2025-09-20 14:39:00,SH001N0057_ACSR000001,7,2.300415e-05,2.300415e-05,0,1
2025-09-20 14:39:00,SH001N0057_ACSR000001,8,2.300415e-05,2.300415e-05,0,1
2025-09-20 14:39:00,SH001N0057_ACSR000001,9,2.300415e-05,2.300415e-05,0,1
2025-09-20 14:39:00,SH001N0057_ACSR000002,1,0.0010299977,0.00035800555,0,0
2025-09-20 14:39:00,SH001N0057_ACSR000002,2,0.000678802,0.000323279,0,0
2025-09-20 14:39:00,SH001N0057_ACSR000002,3,0.00041118584,0.00012665555,0,0
2025-09-20 14:39:00,SH001N0057_ACSR000002,4,2.300415e-05,2.300415e-05,0,0
2025-09-20 14:39:00,SH001N0057_ACSR000002,5,2.300415e-05,2.300415e-05,0,0
2025-09-20 14:39:00,SH001N0057_ACSR000002,6,2.300415e-05,2.300415e-05,0,0
2025-09-20 14:39:00,SH001N0057_ACSR000002,7,2.300415e-05,2.300415e-05,0,0
2025-09-20 14:39:00,SH001N0057_ACSR000002,8,2.300415e-05,2.300415e-05,0,0
2025-09-20 14:39:00,SH001N0057_ACSR000002,9,2.300415e-05,2.300415e-05,0,0
2025-09-20 14:39:00,SH001N0057_ACSR000003,1,0.0002502197,3.130191e-05,0,0
2025-09-20 14:39:00,SH001N0057_ACSR000003,2,0.008790399,0.001766187,0,0
2025-09-20 14:39:00,SH001N0057_ACSR000003,3,0.0010145355,0.00019582169,0,0
2025-09-20 14:39:00,SH001N0057_ACSR000003,4,0.00049408607,2.343284e-05,0,0
2025-09-20 14:39:00,SH001N0057_ACSR000003,5,2.300415e-05,2.300415e-05,0,0
2025-09-20 14:39:00,SH001N0057_ACSR000003,6,2.300415e-05,2.300415e-05,0,0
2025-09-20 14:39:00,SH001N0057_ACSR000003,7,2.300415e-05,2.300415e-05,0,0
2025-09-20 14:39:00,SH001N0057_ACSR000003,8,2.300415e-05,2.300415e-05,0,0
2025-09-20 14:39:00,SH001N0057_ACSR000003,9,2.300415e-05,2.300415e-05,0,0
2025-09-20 14:39:00,SH001N0058_ACSR000001,1,0.00293215,0.0005088046,0,0
2025-09-20 14:39:00,SH001N0058_ACSR000001,2,0.0012761814,0.00026529,0,0
2025-09-20 14:39:00,SH001N0058_ACSR000001,3,0.0002130392,0.00014747324,0,0
2025-09-20 14:39:00,SH001N0058_ACSR000001,4,2.300415e-05,2.300415e-05,0,0
2025-09-20 14:39:00,SH001N0058_ACSR000001,5,2.300415e-05,2.300415e-05,0,0
2025-09-20 14:39:00,SH001N0058_ACSR000001,6,2.300415e-05,2.300415e-05,0,0
2025-09-20 14:39:00,SH001N0058_ACSR000001,7,2.300415e-05,2.300415e-05,0,0
2025-09-20 14:39:00,SH001N0058_ACSR000001,8,2.300415e-05,2.300415e-05,0,0
2025-09-20 14:39:00,SH001N0058_ACSR000001,9,2.300415e-05,2.300415e-05,0,0
2025-09-20 14:39:00,SH001N0058_ACSR000002,1,0.00014060925,0.00024206526,1,1
2025-09-20 14:39:00,SH001N0058_ACSR000002,2,0.00027018198,0.0004061845,1,1
2025-09-20 14:39:00,SH001N0058_ACSR000002,3,0.00042588956,5.0404436e-05,0,1
2025-09-20 14:39:00,SH001N0058_ACSR000002,4,0.0006061421,0.004998682,1,1
2025-09-20 14:39:00,SH001N0058_ACSR000002,5,2.300415e-05,2.300415e-05,0,1
2025-09-20 14:39:00,SH001N0058_ACSR000002,6,2.300415e-05,2.300415e-05,0,1
2025-09-20 14:39:00,SH001N0058_ACSR000002,7,2.300415e-05,2.300415e-05,0,1
2025-09-20 14:39:00,SH001N0058_ACSR000002,8,2.300415e-05,2.300415e-05,0,1
2025-09-20 14:39:00,SH001N0058_ACSR000002,9,2.300415e-05,2.300415e-05,0,1
2025-09-20 14:39:00,SH001N0058_ACSR000004,1,0.00031514172,9.313156e-05,0,1
2025-09-20 14:39:00,SH001N0058_ACSR000004,2,0.00028623006,0.0001373777,0,1
2025-09-20 14:39:00,SH001N0058_ACSR000004,3,0.0006163248,0.0005094089,0,1
2025-09-20 14:39:00,SH001N0058_ACSR000004,4,0.00070428883,0.000794079,1,1
2025-09-20 14:39:00,SH001N0058_ACSR000004,5,2.300415e-05,2.300415e-05,0,1
2025-09-20 14:39:00,SH001N0058_ACSR000004,6,2.300415e-05,2.300415e-05,0,1
2025-09-20 14:39:00,SH001N0058_ACSR000004,7,2.300415e-05,2.300415e-05,0,1
2025-09-20 14:39:00,SH001N0058_ACSR000004,8,2.300415e-05,2.300415e-05,0,1
2025-09-20 14:39:00,SH001N0058_ACSR000004,9,2.300415e-05,2.300415e-05,0,1
2025-09-20 14:39:00,SH001N0059_ACSR000001,1,0.0019541944,0.00027891382,0,1
2025-09-20 14:39:00,SH001N0059_ACSR000001,2,0.015714733,0.0009610421,0,1
2025-09-20 14:39:00,SH001N0059_ACSR000001,3,0.00029432264,0.0011726283,1,1
2025-09-20 14:39:00,SH001N0059_ACSR000001,4,0.00051151746,6.507604e-05,0,1
2025-09-20 14:39:00,SH001N0059_ACSR000001,5,2.300415e-05,2.300415e-05,0,1
2025-09-20 14:39:00,SH001N0059_ACSR000001,6,2.300415e-05,2.300415e-05,0,1
2025-09-20 14:39:00,SH001N0059_ACSR000001,7,2.300415e-05,2.300415e-05,0,1
2025-09-20 14:39:00,SH001N0059_ACSR000001,8,2.300415e-05,2.300415e-05,0,1
2025-09-20 14:39:00,SH001N0059_ACSR000001,9,2.300415e-05,2.300415e-05,0,1
2025-09-20 14:39:00,SH001N0059_ACSR000002,1,0.0003590194,0.0001781473,0,1
2025-09-20 14:39:00,SH001N0059_ACSR000002,2,0.003121666,0.004009413,1,1
2025-09-20 14:39:00,SH001N0059_ACSR000002,3,2.300415e-05,2.300415e-05,0,1
2025-09-20 14:39:00,SH001N0059_ACSR000002,4,2.300415e-05,2.300415e-05,0,1
2025-09-20 14:39:00,SH001N0059_ACSR000002,5,2.300415e-05,2.300415e-05,0,1
2025-09-20 14:39:00,SH001N0059_ACSR000002,6,2.300415e-05,2.300415e-05,0,1
2025-09-20 14:39:00,SH001N0059_ACSR000002,7,2.300415e-05,2.300415e-05,0,1
2025-09-20 14:39:00,SH001N0059_ACSR000002,8,2.300415e-05,2.300415e-05,0,1
2025-09-20 14:39:00,SH001N0059_ACSR000002,9,2.300415e-05,2.300415e-05,0,1
2025-09-20 14:39:00,SH001N0059_ACSR000003,1,0.0006471533,7.247295e-05,0,0
2025-09-20 14:39:00,SH001N0059_ACSR000003,2,0.083788924,6.786858e-05,0,0
2025-09-20 14:39:00,SH001N0059_ACSR000003,3,0.0007016046,0.00014877849,0,0
2025-09-20 14:39:00,SH001N0059_ACSR000003,4,0.0007599723,0.00013935547,0,0
2025-09-20 14:39:00,SH001N0059_ACSR000003,5,2.300415e-05,2.300415e-05,0,0
2025-09-20 14:39:00,SH001N0059_ACSR000003,6,2.300415e-05,2.300415e-05,0,0
2025-09-20 14:39:00,SH001N0059_ACSR000003,7,2.300415e-05,2.300415e-05,0,0
2025-09-20 14:39:00,SH001N0059_ACSR000003,8,2.300415e-05,2.300415e-05,0,0
2025-09-20 14:39:00,SH001N0059_ACSR000003,9,2.300415e-05,2.300415e-05,0,0
2025-09-20 14:39:00,SH001N0059_ACSR000004,1,0.0003748457,0.00022785043,0,1
2025-09-20 14:39:00,SH001N0059_ACSR000004,2,0.0003913517,0.0003913517,0,1
2025-09-20 14:39:00,SH001N0059_ACSR000004,3,0.0003708052,0.0015789721,1,1
2025-09-20 14:39:00,SH001N0059_ACSR000004,4,2.300415e-05,2.300415e-05,0,1
2025-09-20 14:39:00,SH001N0059_ACSR000004,5,2.300415e-05,2.300415e-05,0,1
2025-09-20 14:39:00,SH001N0059_ACSR000004,6,2.300415e-05,2.300415e-05,0,1
2025-09-20 14:39:00,SH001N0059_ACSR000004,7,2.300415e-05,2.300415e-05,0,1
2025-09-20 14:39:00,SH001N0059_ACSR000004,8,2.300415e-05,2.300415e-05,0,1
2025-09-20 14:39:00,SH001N0059_ACSR000004,9,2.300415e-05,2.300415e-05,0,1
2025-09-20 14:39:00,SH001N0060_ACSR000001,1,0.00015106096,0.00010679275,0,1
2025-09-20 14:39:00,SH001N0060_ACSR000001,2,0.00024568007,0.00015274754,0,1
2025-09-20 14:39:00,SH001N0060_ACSR000001,3,0.0005457868,0.00047919838,0,1
2025-09-20 14:39:00,SH001N0060_ACSR000001,4,0.00080976443,0.0010135137,1,1
2025-09-20 14:39:00,SH001N0060_ACSR000001,5,18.181658,0.0020687152,0,1
2025-09-20 14:39:00,SH001N0060_ACSR000001,6,2.300415e-05,2.300415e-05,0,1
2025-09-20 14:39:00,SH001N0060_ACSR000001,7,2.300415e-05,2.300415e-05,0,1
2025-09-20 14:39:00,SH001N0060_ACSR000001,8,2.300415e-05,2.300415e-05,0,1
2025-09-20 14:39:00,SH001N0060_ACSR000001,9,2.300415e-05,2.300415e-05,0,1
2025-09-20 14:39:00,SH001N0060_ACSR000002,1,0.0001770341,0.00014410616,0,1
2025-09-20 14:39:00,SH001N0060_ACSR000002,2,0.00075276423,0.0006486622,0,1
2025-09-20 14:39:00,SH001N0060_ACSR000002,3,0.00020428069,0.0006246784,1,1
2025-09-20 14:39:00,SH001N0060_ACSR000002,4,0.003553127,0.00032455247,0,1
2025-09-20 14:39:00,SH001N0060_ACSR000002,5,0.0011357724,0.00017727102,0,1
2025-09-20 14:39:00,SH001N0060_ACSR000002,6,2.300415e-05,2.300415e-05,0,1
2025-09-20 14:39:00,SH001N0060_ACSR000002,7,2.300415e-05,2.300415e-05,0,1
2025-09-20 14:39:00,SH001N0060_ACSR000002,8,2.300415e-05,2.300415e-05,0,1
2025-09-20 14:39:00,SH001N0060_ACSR000002,9,2.300415e-05,2.300415e-05,0,1
2025-09-20 14:39:00,SH001N0060_ACSR000003,1,9.9399425e-05,0.0015133617,1,1
2025-09-20 14:39:00,SH001N0060_ACSR000003,2,0.00015207581,0.0015940975,1,1
2025-09-20 14:39:00,SH001N0060_ACSR000003,3,0.0003525067,5.972379e-05,0,1
2025-09-20 14:39:00,SH001N0060_ACSR000003,4,0.0007184639,0.00041348106,0,1
2025-09-20 14:39:00,SH001N0060_ACSR000003,5,0.092537165,0.00016499977,0,1
2025-09-20 14:39:00,SH001N0060_ACSR000003,6,2.300415e-05,2.300415e-05,0,1
2025-09-20 14:39:00,SH001N0060_ACSR000003,7,2.300415e-05,2.300415e-05,0,1
2025-09-20 14:39:00,SH001N0060_ACSR000003,8,2.300415e-05,2.300415e-05,0,1
2025-09-20 14:39:00,SH001N0060_ACSR000003,9,2.300415e-05,2.300415e-05,0,1
2025-09-20 14:39:00,SH001N0060_ACSR000004,1,0.00026361647,0.00027740592,1,1
2025-09-20 14:39:00,SH001N0060_ACSR000004,2,0.0003518412,0.00074967777,1,1
2025-09-20 14:39:00,SH001N0060_ACSR000004,3,0.0003888652,0.001508525,1,1
2025-09-20 14:39:00,SH001N0060_ACSR000004,4,0.0003170669,0.00023778017,0,1
2025-09-20 14:39:00,SH001N0060_ACSR000004,5,2.300415e-05,2.300415e-05,0,1
2025-09-20 14:39:00,SH001N0060_ACSR000004,6,2.300415e-05,2.300415e-05,0,1
2025-09-20 14:39:00,SH001N0060_ACSR000004,7,2.300415e-05,2.300415e-05,0,1
2025-09-20 14:39:00,SH001N0060_ACSR000004,8,2.300415e-05,2.300415e-05,0,1
2025-09-20 14:39:00,SH001N0060_ACSR000004,9,2.300415e-05,2.300415e-05,0,1
2025-09-20 14:39:00,SH001N0071_ACSR000001,1,0.00056262576,0.00014154949,0,1
2025-09-20 14:39:00,SH001N0071_ACSR000001,2,0.00043058052,0.00015318248,0,1
2025-09-20 14:39:00,SH001N0071_ACSR000001,3,0.0014567078,0.0075357696,1,1
2025-09-20 14:39:00,SH001N0071_ACSR000001,4,0.00041392405,0.00012083321,0,1
2025-09-20 14:39:00,SH001N0071_ACSR000001,5,0.0004347899,5.531139e-05,0,1
2025-09-20 14:39:00,SH001N0071_ACSR000001,6,2.300415e-05,2.300415e-05,0,1
2025-09-20 14:39:00,SH001N0071_ACSR000001,7,2.300415e-05,2.300415e-05,0,1
2025-09-20 14:39:00,SH001N0071_ACSR000001,8,2.300415e-05,2.300415e-05,0,1
2025-09-20 14:39:00,SH001N0071_ACSR000001,9,2.300415e-05,2.300415e-05,0,1
2025-09-20 14:39:00,SH001N0071_ACSR000002,1,0.0002794557,0.00013234615,0,0
2025-09-20 14:39:00,SH001N0071_ACSR000002,2,0.0013269822,0.0003962472,0,0
2025-09-20 14:39:00,SH001N0071_ACSR000002,3,0.0023575798,0.00036330288,0,0
2025-09-20 14:39:00,SH001N0071_ACSR000002,4,0.0007351871,0.00068423536,0,0
2025-09-20 14:39:00,SH001N0071_ACSR000002,5,0.0020849206,0.00042626963,0,0
2025-09-20 14:39:00,SH001N0071_ACSR000002,6,2.300415e-05,2.300415e-05,0,0
2025-09-20 14:39:00,SH001N0071_ACSR000002,7,2.300415e-05,2.300415e-05,0,0
2025-09-20 14:39:00,SH001N0071_ACSR000002,8,2.300415e-05,2.300415e-05,0,0
2025-09-20 14:39:00,SH001N0071_ACSR000002,9,2.300415e-05,2.300415e-05,0,0
2025-09-20 14:39:00,SH001N0071_ACSR000003,1,0.00018934942,0.00011446884,0,0
2025-09-20 14:39:00,SH001N0071_ACSR000003,2,0.0001243791,3.5124882e-05,0,0
2025-09-20 14:39:00,SH001N0071_ACSR000003,3,0.0012063262,8.1377344e-05,0,0
2025-09-20 14:39:00,SH001N0071_ACSR000003,4,2.300415e-05,2.300415e-05,0,0
2025-09-20 14:39:00,SH001N0071_ACSR000003,5,2.300415e-05,2.300415e-05,0,0
2025-09-20 14:39:00,SH001N0071_ACSR000003,6,2.300415e-05,2.300415e-05,0,0
2025-09-20 14:39:00,SH001N0071_ACSR000003,7,2.300415e-05,2.300415e-05,0,0
2025-09-20 14:39:00,SH001N0071_ACSR000003,8,2.300415e-05,2.300415e-05,0,0
2025-09-20 14:39:00,SH001N0071_ACSR000003,9,2.300415e-05,2.300415e-05,0,0
2025-09-20 14:39:00,SH001N0072_ACSR000001,1,0.0011296108,0.0002784272,0,0
2025-09-20 14:39:00,SH001N0072_ACSR000001,2,0.0007348843,7.208521e-05,0,0
2025-09-20 14:39:00,SH001N0072_ACSR000001,3,0.00040436283,4.4831457e-05,0,0
2025-09-20 14:39:00,SH001N0072_ACSR000001,4,0.00079965993,0.0004785693,0,0
2025-09-20 14:39:00,SH001N0072_ACSR000001,5,2.300415e-05,2.300415e-05,0,0
2025-09-20 14:39:00,SH001N0072_ACSR000001,6,2.300415e-05,2.300415e-05,0,0
2025-09-20 14:39:00,SH001N0072_ACSR000001,7,2.300415e-05,2.300415e-05,0,0
2025-09-20 14:39:00,SH001N0072_ACSR000001,8,2.300415e-05,2.300415e-05,0,0
2025-09-20 14:39:00,SH001N0072_ACSR000001,9,2.300415e-05,2.300415e-05,0,0
2025-09-20 14:39:00,SH001N0072_ACSR000002,1,0.0008062817,0.00031384986,0,1
2025-09-20 14:39:00,SH001N0072_ACSR000002,2,0.00025028578,0.00032864793,1,1
2025-09-20 14:39:00,SH001N0072_ACSR000002,3,0.00025424146,0.00046638245,1,1
2025-09-20 14:39:00,SH001N0072_ACSR000002,4,0.8584793,7.835111e-05,0,1
2025-09-20 14:39:00,SH001N0072_ACSR000002,5,0.0008997771,0.0010714323,1,1
2025-09-20 14:39:00,SH001N0072_ACSR000002,6,2.300415e-05,2.300415e-05,0,1
2025-09-20 14:39:00,SH001N0072_ACSR000002,7,2.300415e-05,2.300415e-05,0,1
2025-09-20 14:39:00,SH001N0072_ACSR000002,8,2.300415e-05,2.300415e-05,0,1
2025-09-20 14:39:00,SH001N0072_ACSR000002,9,2.300415e-05,2.300415e-05,0,1
2025-09-20 14:39:00,SH001N0072_ACSR000003,1,0.0018124004,0.00014418436,0,0
2025-09-20 14:39:00,SH001N0072_ACSR000003,2,0.00062300387,0.00019965733,0,0
2025-09-20 14:39:00,SH001N0072_ACSR000003,3,0.00034059276,0.00019331445,0,0
2025-09-20 14:39:00,SH001N0072_ACSR000003,4,0.0012946031,7.9630074e-05,0,0
2025-09-20 14:39:00,SH001N0072_ACSR000003,5,0.0012840797,0.00039321563,0,0
2025-09-20 14:39:00,SH001N0072_ACSR000003,6,2.300415e-05,2.300415e-05,0,0
2025-09-20 14:39:00,SH001N0072_ACSR000003,7,2.300415e-05,2.300415e-05,0,0
2025-09-20 14:39:00,SH001N0072_ACSR000003,8,2.300415e-05,2.300415e-05,0,0
2025-09-20 14:39:00,SH001N0072_ACSR000003,9,2.300415e-05,2.300415e-05,0,0
2025-09-20 14:39:00,SH001N0073_ACSR000001,1,0.000103323575,7.750466e-05,0,1
2025-09-20 14:39:00,SH001N0073_ACSR000001,2,0.00012168996,0.00022125452,1,1
2025-09-20 14:39:00,SH001N0073_ACSR000001,3,0.0021607184,5.0509003e-05,0,1
2025-09-20 14:39:00,SH001N0073_ACSR000001,4,0.000503199,0.0003643412,0,1
2025-09-20 14:39:00,SH001N0073_ACSR000001,5,2.300415e-05,2.300415e-05,0,1
2025-09-20 14:39:00,SH001N0073_ACSR000001,6,2.300415e-05,2.300415e-05,0,1
2025-09-20 14:39:00,SH001N0073_ACSR000001,7,2.300415e-05,2.300415e-05,0,1
2025-09-20 14:39:00,SH001N0073_ACSR000001,8,2.300415e-05,2.300415e-05,0,1
2025-09-20 14:39:00,SH001N0073_ACSR000001,9,2.300415e-05,2.300415e-05,0,1
2025-09-20 14:39:00,SH001N0073_ACSR000002,1,0.00030430296,7.909523e-05,0,0
2025-09-20 14:39:00,SH001N0073_ACSR000002,2,0.00046590477,0.000110149565,0,0
2025-09-20 14:39:00,SH001N0073_ACSR000002,3,0.0038914164,0.00024846892,0,0
2025-09-20 14:39:00,SH001N0073_ACSR000002,4,0.00028125715,7.818964e-05,0,0
2025-09-20 14:39:00,SH001N0073_ACSR000002,5,2.300415e-05,2.300415e-05,0,0
2025-09-20 14:39:00,SH001N0073_ACSR000002,6,2.300415e-05,2.300415e-05,0,0
2025-09-20 14:39:00,SH001N0073_ACSR000002,7,2.300415e-05,2.300415e-05,0,0
2025-09-20 14:39:00,SH001N0073_ACSR000002,8,2.300415e-05,2.300415e-05,0,0
2025-09-20 14:39:00,SH001N0073_ACSR000002,9,2.300415e-05,2.300415e-05,0,0
2025-09-20 14:39:00,SH001N0073_ACSR000003,1,0.00022811767,0.00012101144,0,1
2025-09-20 14:39:00,SH001N0073_ACSR000003,2,0.00033638618,0.00033748243,1,1
2025-09-20 14:39:00,SH001N0073_ACSR000003,3,0.00041272302,0.00013597975,0,1
2025-09-20 14:39:00,SH001N0073_ACSR000003,4,0.00045193563,0.00023281362,0,1
2025-09-20 14:39:00,SH001N0073_ACSR000003,5,0.00022990986,4.9910825e-05,0,1
2025-09-20 14:39:00,SH001N0073_ACSR000003,6,2.300415e-05,2.300415e-05,0,1
2025-09-20 14:39:00,SH001N0073_ACSR000003,7,2.300415e-05,2.300415e-05,0,1
2025-09-20 14:39:00,SH001N0073_ACSR000003,8,2.300415e-05,2.300415e-05,0,1
2025-09-20 14:39:00,SH001N0073_ACSR000003,9,2.300415e-05,2.300415e-05,0,1
2025-09-20 14:39:00,SH001N0073_ACSR000004,1,0.00017329222,0.00016039051,0,1
2025-09-20 14:39:00,SH001N0073_ACSR000004,2,0.00096184365,0.0002181463,0,1
2025-09-20 14:39:00,SH001N0073_ACSR000004,3,0.0005391382,0.00052164885,0,1
2025-09-20 14:39:00,SH001N0073_ACSR000004,4,0.0006248861,0.006005938,1,1
2025-09-20 14:39:00,SH001N0073_ACSR000004,5,0.00022828869,0.00037909532,1,1
2025-09-20 14:39:00,SH001N0073_ACSR000004,6,2.300415e-05,2.300415e-05,0,1
2025-09-20 14:39:00,SH001N0073_ACSR000004,7,2.300415e-05,2.300415e-05,0,1
2025-09-20 14:39:00,SH001N0073_ACSR000004,8,2.300415e-05,2.300415e-05,0,1
2025-09-20 14:39:00,SH001N0073_ACSR000004,9,2.300415e-05,2.300415e-05,0,1
2025-09-20 14:39:00,SH001N0074_ACSR000001,1,0.016747989,0.00035530573,0,0
2025-09-20 14:39:00,SH001N0074_ACSR000001,2,858.74255,0.0097829215,0,0
2025-09-20 14:39:00,SH001N0074_ACSR000001,3,2.300415e-05,2.300415e-05,0,0
2025-09-20 14:39:00,SH001N0074_ACSR000001,4,2.300415e-05,2.300415e-05,0,0
2025-09-20 14:39:00,SH001N0074_ACSR000001,5,2.300415e-05,2.300415e-05,0,0
2025-09-20 14:39:00,SH001N0074_ACSR000001,6,2.300415e-05,2.300415e-05,0,0
2025-09-20 14:39:00,SH001N0074_ACSR000001,7,2.300415e-05,2.300415e-05,0,0
2025-09-20 14:39:00,SH001N0074_ACSR000001,8,2.300415e-05,2.300415e-05,0,0
2025-09-20 14:39:00,SH001N0074_ACSR000001,9,2.300415e-05,2.300415e-05,0,0
2025-09-20 14:39:00,SH001N0074_ACSR000002,1,0.00069989084,0.00041577962,0,0
2025-09-20 14:39:00,SH001N0074_ACSR000002,2,0.00081086153,0.0005988954,0,0
2025-09-20 14:39:00,SH001N0074_ACSR000002,3,0.00043684233,0.00011412321,0,0
2025-09-20 14:39:00,SH001N0074_ACSR000002,4,0.0009890599,0.00017941395,0,0
2025-09-20 14:39:00,SH001N0074_ACSR000002,5,0.00024388004,0.00016964255,0,0
2025-09-20 14:39:00,SH001N0074_ACSR000002,6,2.300415e-05,2.300415e-05,0,0
2025-09-20 14:39:00,SH001N0074_ACSR000002,7,2.300415e-05,2.300415e-05,0,0
2025-09-20 14:39:00,SH001N0074_ACSR000002,8,2.300415e-05,2.300415e-05,0,0
2025-09-20 14:39:00,SH001N0074_ACSR000002,9,2.300415e-05,2.300415e-05,0,0
2025-09-20 14:39:00,SH001N0074_ACSR000003,1,0.00014944906,6.735799e-05,0,0
2025-09-20 14:39:00,SH001N0074_ACSR000003,2,0.0013829706,4.9689494e-05,0,0
2025-09-20 14:39:00,SH001N0074_ACSR000003,3,0.00029311862,0.00018687526,0,0
2025-09-20 14:39:00,SH001N0074_ACSR000003,4,2.300415e-05,2.300415e-05,0,0
2025-09-20 14:39:00,SH001N0074_ACSR000003,5,2.300415e-05,2.300415e-05,0,0
2025-09-20 14:39:00,SH001N0074_ACSR000003,6,2.300415e-05,2.300415e-05,0,0
2025-09-20 14:39:00,SH001N0074_ACSR000003,7,2.300415e-05,2.300415e-05,0,0
2025-09-20 14:39:00,SH001N0074_ACSR000003,8,2.300415e-05,2.300415e-05,0,0
2025-09-20 14:39:00,SH001N0074_ACSR000003,9,2.300415e-05,2.300415e-05,0,0
2025-09-20 14:39:00,SH001N0074_ACSR000004,1,0.0027753466,0.00014189121,0,1
2025-09-20 14:39:00,SH001N0074_ACSR000004,2,0.00048130853,0.0002986359,0,1
2025-09-20 14:39:00,SH001N0074_ACSR000004,3,0.00026883377,0.0005691939,1,1
2025-09-20 14:39:00,SH001N0074_ACSR000004,4,0.001139025,0.00027719355,0,1
2025-09-20 14:39:00,SH001N0074_ACSR000004,5,0.00013947945,0.00040223115,1,1
2025-09-20 14:39:00,SH001N0074_ACSR000004,6,2.300415e-05,2.300415e-05,0,1
2025-09-20 14:39:00,SH001N0074_ACSR000004,7,2.300415e-05,2.300415e-05,0,1
2025-09-20 14:39:00,SH001N0074_ACSR000004,8,2.300415e-05,2.300415e-05,0,1
2025-09-20 14:39:00,SH001N0074_ACSR000004,9,2.300415e-05,2.300415e-05,0,1
2025-09-20 14:39:00,SH001N0075_ACSR000001,1,0.0063212854,0.00014461539,0,0
2025-09-20 14:39:00,SH001N0075_ACSR000001,2,0.00038636482,0.000121698315,0,0
2025-09-20 14:39:00,SH001N0075_ACSR000001,3,0.00023056258,0.00010238889,0,0
2025-09-20 14:39:00,SH001N0075_ACSR000001,4,0.0001972854,9.134188e-05,0,0
2025-09-20 14:39:00,SH001N0075_ACSR000001,5,2.300415e-05,2.300415e-05,0,0
2025-09-20 14:39:00,SH001N0075_ACSR000001,6,2.300415e-05,2.300415e-05,0,0
2025-09-20 14:39:00,SH001N0075_ACSR000001,7,2.300415e-05,2.300415e-05,0,0
2025-09-20 14:39:00,SH001N0075_ACSR000001,8,2.300415e-05,2.300415e-05,0,0
2025-09-20 14:39:00,SH001N0075_ACSR000001,9,2.300415e-05,2.300415e-05,0,0
2025-09-20 14:39:00,SH001N0075_ACSR000002,1,0.00013580541,0.00013552335,0,0
2025-09-20 14:39:00,SH001N0075_ACSR000002,2,0.0002579497,3.5278972e-05,0,0
2025-09-20 14:39:00,SH001N0075_ACSR000002,3,0.0022864125,0.00011617645,0,0
2025-09-20 14:39:00,SH001N0075_ACSR000002,4,0.00036198244,0.00034670575,0,0
2025-09-20 14:39:00,SH001N0075_ACSR000002,5,0.00062196905,7.113464e-05,0,0
2025-09-20 14:39:00,SH001N0075_ACSR000002,6,2.300415e-05,2.300415e-05,0,0
2025-09-20 14:39:00,SH001N0075_ACSR000002,7,2.300415e-05,2.300415e-05,0,0
2025-09-20 14:39:00,SH001N0075_ACSR000002,8,2.300415e-05,2.300415e-05,0,0
2025-09-20 14:39:00,SH001N0075_ACSR000002,9,2.300415e-05,2.300415e-05,0,0
2025-09-20 14:39:00,SH001N0075_ACSR000003,1,0.00014712477,0.000101784055,0,1
2025-09-20 14:39:00,SH001N0075_ACSR000003,2,0.00020952124,0.00031805356,1,1
2025-09-20 14:39:00,SH001N0075_ACSR000003,3,0.00011057402,4.932326e-05,0,1
2025-09-20 14:39:00,SH001N0075_ACSR000003,4,0.0005864177,2.3519533e-05,0,1
2025-09-20 14:39:00,SH001N0075_ACSR000003,5,0.00029634548,9.8234654e-05,0,1
2025-09-20 14:39:00,SH001N0075_ACSR000003,6,2.300415e-05,2.300415e-05,0,1
2025-09-20 14:39:00,SH001N0075_ACSR000003,7,2.300415e-05,2.300415e-05,0,1
2025-09-20 14:39:00,SH001N0075_ACSR000003,8,2.300415e-05,2.300415e-05,0,1
2025-09-20 14:39:00,SH001N0075_ACSR000003,9,2.300415e-05,2.300415e-05,0,1
2025-09-20 14:39:00,SH001N0075_ACSR000004,1,0.00019035887,0.00022741988,1,1
2025-09-20 14:39:00,SH001N0075_ACSR000004,2,0.0007848892,0.00040368427,0,1
2025-09-20 14:39:00,SH001N0075_ACSR000004,3,0.00032429642,0.0003238182,0,1
2025-09-20 14:39:00,SH001N0075_ACSR000004,4,0.0012410523,9.557348e-05,0,1
2025-09-20 14:39:00,SH001N0075_ACSR000004,5,0.00024049051,0.00011052121,0,1
2025-09-20 14:39:00,SH001N0075_ACSR000004,6,2.300415e-05,2.300415e-05,0,1
2025-09-20 14:39:00,SH001N0075_ACSR000004,7,2.300415e-05,2.300415e-05,0,1
2025-09-20 14:39:00,SH001N0075_ACSR000004,8,2.300415e-05,2.300415e-05,0,1
2025-09-20 14:39:00,SH001N0075_ACSR000004,9,2.300415e-05,2.300415e-05,0,1
2025-09-20 14:39:00,SH001N0076_ACSR000001,1,0.00046411113,0.0001876323,0,0
2025-09-20 14:39:00,SH001N0076_ACSR000001,2,0.0012274353,0.00016202616,0,0
2025-09-20 14:39:00,SH001N0076_ACSR000001,3,2.300415e-05,2.300415e-05,0,0
2025-09-20 14:39:00,SH001N0076_ACSR000001,4,2.300415e-05,2.300415e-05,0,0
2025-09-20 14:39:00,SH001N0076_ACSR000001,5,2.300415e-05,2.300415e-05,0,0
2025-09-20 14:39:00,SH001N0076_ACSR000001,6,2.300415e-05,2.300415e-05,0,0
2025-09-20 14:39:00,SH001N0076_ACSR000001,7,2.300415e-05,2.300415e-05,0,0
2025-09-20 14:39:00,SH001N0076_ACSR000001,8,2.300415e-05,2.300415e-05,0,0
2025-09-20 14:39:00,SH001N0076_ACSR000001,9,2.300415e-05,2.300415e-05,0,0
2025-09-20 14:39:00,SH001N0076_ACSR000002,1,0.00021726548,0.00011329101,0,0
2025-09-20 14:39:00,SH001N0076_ACSR000002,2,0.00041759692,0.00010515914,0,0
2025-09-20 14:39:00,SH001N0076_ACSR000002,3,0.0004843671,0.00014916186,0,0
2025-09-20 14:39:00,SH001N0076_ACSR000002,4,0.0017733488,0.00024280303,0,0
2025-09-20 14:39:00,SH001N0076_ACSR000002,5,0.0002614331,0.00012017191,0,0
2025-09-20 14:39:00,SH001N0076_ACSR000002,6,2.300415e-05,2.300415e-05,0,0
2025-09-20 14:39:00,SH001N0076_ACSR000002,7,2.300415e-05,2.300415e-05,0,0
2025-09-20 14:39:00,SH001N0076_ACSR000002,8,2.300415e-05,2.300415e-05,0,0
2025-09-20 14:39:00,SH001N0076_ACSR000002,9,2.300415e-05,2.300415e-05,0,0
2025-09-20 14:39:00,SH001N0076_ACSR000003,1,0.00015360165,0.00016667886,1,1
2025-09-20 14:39:00,SH001N0076_ACSR000003,2,0.0005710065,4.493352e-05,0,1
2025-09-20 14:39:00,SH001N0076_ACSR000003,3,2.300415e-05,2.300415e-05,0,1
2025-09-20 14:39:00,SH001N0076_ACSR000003,4,2.300415e-05,2.300415e-05,0,1
2025-09-20 14:39:00,SH001N0076_ACSR000003,5,2.300415e-05,2.300415e-05,0,1
2025-09-20 14:39:00,SH001N0076_ACSR000003,6,2.300415e-05,2.300415e-05,0,1
2025-09-20 14:39:00,SH001N0076_ACSR000003,7,2.300415e-05,2.300415e-05,0,1
2025-09-20 14:39:00,SH001N0076_ACSR000003,8,2.300415e-05,2.300415e-05,0,1
2025-09-20 14:39:00,SH001N0076_ACSR000003,9,2.300415e-05,2.300415e-05,0,1
2025-09-20 14:39:00,SH001N0076_ACSR000004,1,0.0003787444,0.00012660568,0,1
2025-09-20 14:39:00,SH001N0076_ACSR000004,2,0.00084351655,7.4714066e-05,0,1
2025-09-20 14:39:00,SH001N0076_ACSR000004,3,0.00021566874,0.00024422366,1,1
2025-09-20 14:39:00,SH001N0076_ACSR000004,4,0.00017997989,0.0005311852,1,1
2025-09-20 14:39:00,SH001N0076_ACSR000004,5,0.0017787542,0.0001391014,0,1
2025-09-20 14:39:00,SH001N0076_ACSR000004,6,2.300415e-05,2.300415e-05,0,1
2025-09-20 14:39:00,SH001N0076_ACSR000004,7,2.300415e-05,2.300415e-05,0,1
2025-09-20 14:39:00,SH001N0076_ACSR000004,8,2.300415e-05,2.300415e-05,0,1
2025-09-20 14:39:00,SH001N0076_ACSR000004,9,2.300415e-05,2.300415e-05,0,1
2025-09-20 14:39:00,SH001N0077_ACSR000001,1,0.000369638,6.872892e-05,0,0
2025-09-20 14:39:00,SH001N0077_ACSR000001,2,0.012627886,0.0002171009,0,0
2025-09-20 14:39:00,SH001N0077_ACSR000001,3,0.00022641047,5.306663e-05,0,0
2025-09-20 14:39:00,SH001N0077_ACSR000001,4,0.0002928256,0.00024315466,0,0
2025-09-20 14:39:00,SH001N0077_ACSR000001,5,2.300415e-05,2.300415e-05,0,0
2025-09-20 14:39:00,SH001N0077_ACSR000001,6,2.300415e-05,2.300415e-05,0,0
2025-09-20 14:39:00,SH001N0077_ACSR000001,7,2.300415e-05,2.300415e-05,0,0
2025-09-20 14:39:00,SH001N0077_ACSR000001,8,2.300415e-05,2.300415e-05,0,0
2025-09-20 14:39:00,SH001N0077_ACSR000001,9,2.300415e-05,2.300415e-05,0,0
2025-09-20 14:39:00,SH001N0077_ACSR000002,1,0.00022546505,0.0001283742,0,1
2025-09-20 14:39:00,SH001N0077_ACSR000002,2,0.00023994208,9.812282e-05,0,1
2025-09-20 14:39:00,SH001N0077_ACSR000002,3,0.038856532,0.00022524458,0,1
2025-09-20 14:39:00,SH001N0077_ACSR000002,4,0.0032579193,0.00075960497,0,1
2025-09-20 14:39:00,SH001N0077_ACSR000002,5,0.0001490886,0.00015775776,1,1
2025-09-20 14:39:00,SH001N0077_ACSR000002,6,2.300415e-05,2.300415e-05,0,1
2025-09-20 14:39:00,SH001N0077_ACSR000002,7,2.300415e-05,2.300415e-05,0,1
2025-09-20 14:39:00,SH001N0077_ACSR000002,8,2.300415e-05,2.300415e-05,0,1
2025-09-20 14:39:00,SH001N0077_ACSR000002,9,2.300415e-05,2.300415e-05,0,1
2025-09-20 14:39:00,SH001N0077_ACSR000003,1,0.00017984673,0.00066687673,1,1
2025-09-20 14:39:00,SH001N0077_ACSR000003,2,0.03354881,4.4714612e-05,0,1
2025-09-20 14:39:00,SH001N0077_ACSR000003,3,0.0016232812,0.00017069544,0,1
2025-09-20 14:39:00,SH001N0077_ACSR000003,4,0.00024132313,0.00053485,1,1
2025-09-20 14:39:00,SH001N0077_ACSR000003,5,2.300415e-05,2.300415e-05,0,1
2025-09-20 14:39:00,SH001N0077_ACSR000003,6,2.300415e-05,2.300415e-05,0,1
2025-09-20 14:39:00,SH001N0077_ACSR000003,7,2.300415e-05,2.300415e-05,0,1
2025-09-20 14:39:00,SH001N0077_ACSR000003,8,2.300415e-05,2.300415e-05,0,1
2025-09-20 14:39:00,SH001N0077_ACSR000003,9,2.300415e-05,2.300415e-05,0,1
2025-09-20 14:39:00,SH001N0077_ACSR000004,1,0.00017093215,0.00013915713,0,1
2025-09-20 14:39:00,SH001N0077_ACSR000004,2,0.001655985,0.20500536,1,1
2025-09-20 14:39:00,SH001N0077_ACSR000004,3,0.0030912855,0.00046299066,0,1
2025-09-20 14:39:00,SH001N0077_ACSR000004,4,0.00043019626,0.00013557055,0,1
2025-09-20 14:39:00,SH001N0077_ACSR000004,5,0.00036935738,0.00013134343,0,1
2025-09-20 14:39:00,SH001N0077_ACSR000004,6,2.300415e-05,2.300415e-05,0,1
2025-09-20 14:39:00,SH001N0077_ACSR000004,7,2.300415e-05,2.300415e-05,0,1
2025-09-20 14:39:00,SH001N0077_ACSR000004,8,2.300415e-05,2.300415e-05,0,1
2025-09-20 14:39:00,SH001N0077_ACSR000004,9,2.300415e-05,2.300415e-05,0,1
2025-09-20 14:39:00,SH001N0078_ACSR000001,1,0.00065199856,0.0003656113,0,0
2025-09-20 14:39:00,SH001N0078_ACSR000001,2,0.001059254,8.772208e-05,0,0
2025-09-20 14:39:00,SH001N0078_ACSR000001,3,2.300415e-05,2.300415e-05,0,0
2025-09-20 14:39:00,SH001N0078_ACSR000001,4,2.300415e-05,2.300415e-05,0,0
2025-09-20 14:39:00,SH001N0078_ACSR000001,5,2.300415e-05,2.300415e-05,0,0
2025-09-20 14:39:00,SH001N0078_ACSR000001,6,2.300415e-05,2.300415e-05,0,0
2025-09-20 14:39:00,SH001N0078_ACSR000001,7,2.300415e-05,2.300415e-05,0,0
2025-09-20 14:39:00,SH001N0078_ACSR000001,8,2.300415e-05,2.300415e-05,0,0
2025-09-20 14:39:00,SH001N0078_ACSR000001,9,2.300415e-05,2.300415e-05,0,0
2025-09-20 14:39:00,SH001N0078_ACSR000002,1,0.00093256525,0.00014732873,0,1
2025-09-20 14:39:00,SH001N0078_ACSR000002,2,0.0007785989,9.6255135e-05,0,1
2025-09-20 14:39:00,SH001N0078_ACSR000002,3,0.00084196165,0.00044849314,0,1
2025-09-20 14:39:00,SH001N0078_ACSR000002,4,0.0012391257,0.00028476174,0,1
2025-09-20 14:39:00,SH001N0078_ACSR000002,5,0.0002287323,0.00024927524,1,1
2025-09-20 14:39:00,SH001N0078_ACSR000002,6,2.300415e-05,2.300415e-05,0,1
2025-09-20 14:39:00,SH001N0078_ACSR000002,7,2.300415e-05,2.300415e-05,0,1
2025-09-20 14:39:00,SH001N0078_ACSR000002,8,2.300415e-05,2.300415e-05,0,1
2025-09-20 14:39:00,SH001N0078_ACSR000002,9,2.300415e-05,2.300415e-05,0,1
2025-09-20 14:39:00,SH001N0078_ACSR000003,1,0.00028241702,6.9472204e-05,0,0
2025-09-20 14:39:00,SH001N0078_ACSR000003,2,0.0004958657,0.0004958657,0,0
2025-09-20 14:39:00,SH001N0078_ACSR000003,3,2.300415e-05,2.300415e-05,0,0
2025-09-20 14:39:00,SH001N0078_ACSR000003,4,2.300415e-05,2.300415e-05,0,0
2025-09-20 14:39:00,SH001N0078_ACSR000003,5,2.300415e-05,2.300415e-05,0,0
2025-09-20 14:39:00,SH001N0078_ACSR000003,6,2.300415e-05,2.300415e-05,0,0
2025-09-20 14:39:00,SH001N0078_ACSR000003,7,2.300415e-05,2.300415e-05,0,0
2025-09-20 14:39:00,SH001N0078_ACSR000003,8,2.300415e-05,2.300415e-05,0,0
2025-09-20 14:39:00,SH001N0078_ACSR000003,9,2.300415e-05,2.300415e-05,0,0
2025-09-20 14:39:00,SH001N0079_ACSR000001,1,0.00013067338,0.00010311597,0,1
2025-09-20 14:39:00,SH001N0079_ACSR000001,2,0.00013150564,0.00019262073,1,1
2025-09-20 14:39:00,SH001N0079_ACSR000001,3,0.0003284998,0.00017291213,0,1
2025-09-20 14:39:00,SH001N0079_ACSR000001,4,0.00018102443,0.0002771455,1,1
2025-09-20 14:39:00,SH001N0079_ACSR000001,5,2.300415e-05,2.300415e-05,0,1
2025-09-20 14:39:00,SH001N0079_ACSR000001,6,2.300415e-05,2.300415e-05,0,1
2025-09-20 14:39:00,SH001N0079_ACSR000001,7,2.300415e-05,2.300415e-05,0,1
2025-09-20 14:39:00,SH001N0079_ACSR000001,8,2.300415e-05,2.300415e-05,0,1
2025-09-20 14:39:00,SH001N0079_ACSR000001,9,2.300415e-05,2.300415e-05,0,1
2025-09-20 14:39:00,SH001N0079_ACSR000002,1,0.00031248562,0.00026189905,0,1
2025-09-20 14:39:00,SH001N0079_ACSR000002,2,0.0002782465,7.296004e-05,0,1
2025-09-20 14:39:00,SH001N0079_ACSR000002,3,0.00046629988,9.6360985e-05,0,1
2025-09-20 14:39:00,SH001N0079_ACSR000002,4,0.0002633716,17.28073,1,1
2025-09-20 14:39:00,SH001N0079_ACSR000002,5,17.616245,0.0174396,0,1
2025-09-20 14:39:00,SH001N0079_ACSR000002,6,2.300415e-05,2.300415e-05,0,1
2025-09-20 14:39:00,SH001N0079_ACSR000002,7,2.300415e-05,2.300415e-05,0,1
2025-09-20 14:39:00,SH001N0079_ACSR000002,8,2.300415e-05,2.300415e-05,0,1
2025-09-20 14:39:00,SH001N0079_ACSR000002,9,2.300415e-05,2.300415e-05,0,1
2025-09-20 14:39:00,SH001N0079_ACSR000003,1,0.0010026234,0.0001297413,0,0
2025-09-20 14:39:00,SH001N0079_ACSR000003,2,0.0007390001,5.3710406e-05,0,0
2025-09-20 14:39:00,SH001N0079_ACSR000003,3,0.0027768055,0.0020343745,0,0
2025-09-20 14:39:00,SH001N0079_ACSR000003,4,2.300415e-05,2.300415e-05,0,0
2025-09-20 14:39:00,SH001N0079_ACSR000003,5,2.300415e-05,2.300415e-05,0,0
2025-09-20 14:39:00,SH001N0079_ACSR000003,6,2.300415e-05,2.300415e-05,0,0
2025-09-20 14:39:00,SH001N0079_ACSR000003,7,2.300415e-05,2.300415e-05,0,0
2025-09-20 14:39:00,SH001N0079_ACSR000003,8,2.300415e-05,2.300415e-05,0,0
2025-09-20 14:39:00,SH001N0079_ACSR000003,9,2.300415e-05,2.300415e-05,0,0
2025-09-20 14:39:00,SH001N0079_ACSR000004,1,0.00017985114,0.0001493697,0,0
2025-09-20 14:39:00,SH001N0079_ACSR000004,2,0.00015007767,3.6602934e-05,0,0
2025-09-20 14:39:00,SH001N0079_ACSR000004,3,16.8219,4.1707583e-05,0,0
2025-09-20 14:39:00,SH001N0079_ACSR000004,4,0.00017965007,2.6968843e-05,0,0
2025-09-20 14:39:00,SH001N0079_ACSR000004,5,0.000392361,0.000107343745,0,0
2025-09-20 14:39:00,SH001N0079_ACSR000004,6,2.300415e-05,2.300415e-05,0,0
2025-09-20 14:39:00,SH001N0079_ACSR000004,7,2.300415e-05,2.300415e-05,0,0
2025-09-20 14:39:00,SH001N0079_ACSR000004,8,2.300415e-05,2.300415e-05,0,0
2025-09-20 14:39:00,SH001N0079_ACSR000004,9,2.300415e-05,2.300415e-05,0,0
2025-09-20 14:39:00,SH001N0080_ACSR000001,1,0.00049742765,0.00020443261,0,1
2025-09-20 14:39:00,SH001N0080_ACSR000001,2,0.00030238656,0.00017335633,0,1
2025-09-20 14:39:00,SH001N0080_ACSR000001,3,0.20515442,0.00026685503,0,1
2025-09-20 14:39:00,SH001N0080_ACSR000001,4,0.00016425322,0.0007532366,1,1
2025-09-20 14:39:00,SH001N0080_ACSR000001,5,2.300415e-05,2.300415e-05,0,1
2025-09-20 14:39:00,SH001N0080_ACSR000001,6,2.300415e-05,2.300415e-05,0,1
2025-09-20 14:39:00,SH001N0080_ACSR000001,7,2.300415e-05,2.300415e-05,0,1
2025-09-20 14:39:00,SH001N0080_ACSR000001,8,2.300415e-05,2.300415e-05,0,1
2025-09-20 14:39:00,SH001N0080_ACSR000001,9,2.300415e-05,2.300415e-05,0,1
2025-09-20 14:39:00,SH001N0080_ACSR000002,1,0.00028911355,0.00039572414,1,1
2025-09-20 14:39:00,SH001N0080_ACSR000002,2,0.0008381388,15.732473,1,1
2025-09-20 14:39:00,SH001N0080_ACSR000002,3,2.300415e-05,2.300415e-05,0,1
2025-09-20 14:39:00,SH001N0080_ACSR000002,4,2.300415e-05,2.300415e-05,0,1
2025-09-20 14:39:00,SH001N0080_ACSR000002,5,2.300415e-05,2.300415e-05,0,1
2025-09-20 14:39:00,SH001N0080_ACSR000002,6,2.300415e-05,2.300415e-05,0,1
2025-09-20 14:39:00,SH001N0080_ACSR000002,7,2.300415e-05,2.300415e-05,0,1
2025-09-20 14:39:00,SH001N0080_ACSR000002,8,2.300415e-05,2.300415e-05,0,1
2025-09-20 14:39:00,SH001N0080_ACSR000002,9,2.300415e-05,2.300415e-05,0,1
2025-09-20 14:39:00,SH001N0080_ACSR000003,1,0.01629332,0.00016110015,0,0
2025-09-20 14:39:00,SH001N0080_ACSR000003,2,0.000114741364,2.3604338e-05,0,0
2025-09-20 14:39:00,SH001N0080_ACSR000003,3,0.00024769313,6.0485498e-05,0,0
2025-09-20 14:39:00,SH001N0080_ACSR000003,4,0.00020166286,0.00019959353,0,0
2025-09-20 14:39:00,SH001N0080_ACSR000003,5,2.300415e-05,2.300415e-05,0,0
2025-09-20 14:39:00,SH001N0080_ACSR000003,6,2.300415e-05,2.300415e-05,0,0
2025-09-20 14:39:00,SH001N0080_ACSR000003,7,2.300415e-05,2.300415e-05,0,0
2025-09-20 14:39:00,SH001N0080_ACSR000003,8,2.300415e-05,2.300415e-05,0,0
2025-09-20 14:39:00,SH001N0080_ACSR000003,9,2.300415e-05,2.300415e-05,0,0
2025-09-20 14:39:00,SH001N0081_ACSR000001,1,0.00015762981,0.00014114445,0,1
2025-09-20 14:39:00,SH001N0081_ACSR000001,2,0.00011943591,0.00066495786,1,1
2025-09-20 14:39:00,SH001N0081_ACSR000001,3,2.300415e-05,2.300415e-05,0,1
2025-09-20 14:39:00,SH001N0081_ACSR000001,4,0.0003774574,0.00020331197,0,1
2025-09-20 14:39:00,SH001N0081_ACSR000001,5,2.300415e-05,2.300415e-05,0,1
2025-09-20 14:39:00,SH001N0081_ACSR000001,6,2.300415e-05,2.300415e-05,0,1
2025-09-20 14:39:00,SH001N0081_ACSR000001,7,2.300415e-05,2.300415e-05,0,1
2025-09-20 14:39:00,SH001N0081_ACSR000001,8,2.300415e-05,2.300415e-05,0,1
2025-09-20 14:39:00,SH001N0081_ACSR000001,9,2.300415e-05,2.300415e-05,0,1
2025-09-20 14:39:00,SH001N0081_ACSR000002,1,0.00018747854,0.0002509056,1,1
2025-09-20 14:39:00,SH001N0081_ACSR000002,2,0.0002231826,0.00015589826,0,1
2025-09-20 14:39:00,SH001N0081_ACSR000002,3,7.614128,0.00029046746,0,1
2025-09-20 14:39:00,SH001N0081_ACSR000002,4,0.00036534376,0.000610115,1,1
2025-09-20 14:39:00,SH001N0081_ACSR000002,5,2.300415e-05,2.300415e-05,0,1
2025-09-20 14:39:00,SH001N0081_ACSR000002,6,2.300415e-05,2.300415e-05,0,1
2025-09-20 14:39:00,SH001N0081_ACSR000002,7,2.300415e-05,2.300415e-05,0,1
2025-09-20 14:39:00,SH001N0081_ACSR000002,8,2.300415e-05,2.300415e-05,0,1
2025-09-20 14:39:00,SH001N0081_ACSR000002,9,2.300415e-05,2.300415e-05,0,1
2025-09-20 14:39:00,SH001N0081_ACSR000003,1,0.8043198,0.00034667796,0,1
2025-09-20 14:39:00,SH001N0081_ACSR000003,2,2.9634182e-05,2.9634182e-05,0,1
2025-09-20 14:39:00,SH001N0081_ACSR000003,3,2.300415e-05,2.300415e-05,0,1
2025-09-20 14:39:00,SH001N0081_ACSR000003,4,4.279992e-05,4.279992e-05,0,1
2025-09-20 14:39:00,SH001N0081_ACSR000003,5,2.9634182e-05,0.23339932,1,1
2025-09-20 14:39:00,SH001N0081_ACSR000003,6,2.300415e-05,2.300415e-05,0,1
2025-09-20 14:39:00,SH001N0081_ACSR000003,7,2.300415e-05,2.300415e-05,0,1
2025-09-20 14:39:00,SH001N0081_ACSR000003,8,2.300415e-05,2.300415e-05,0,1
2025-09-20 14:39:00,SH001N0081_ACSR000003,9,2.300415e-05,2.300415e-05,0,1
2025-09-20 14:39:00,SH001N0081_ACSR000004,1,0.0006260107,0.0001251216,0,1
2025-09-20 14:39:00,SH001N0081_ACSR000004,2,0.00058970915,6.524513e-05,0,1
2025-09-20 14:39:00,SH001N0081_ACSR000004,3,0.00014532363,8.71063e-05,0,1
2025-09-20 14:39:00,SH001N0081_ACSR000004,4,0.0011227241,0.0030815932,1,1
2025-09-20 14:39:00,SH001N0081_ACSR000004,5,2.300415e-05,2.300415e-05,0,1
2025-09-20 14:39:00,SH001N0081_ACSR000004,6,2.300415e-05,2.300415e-05,0,1
2025-09-20 14:39:00,SH001N0081_ACSR000004,7,2.300415e-05,2.300415e-05,0,1
2025-09-20 14:39:00,SH001N0081_ACSR000004,8,2.300415e-05,2.300415e-05,0,1
2025-09-20 14:39:00,SH001N0081_ACSR000004,9,2.300415e-05,2.300415e-05,0,1
2025-09-20 14:39:00,SH001N0082_ACSR000001,1,0.0005534353,9.61377e-05,0,0
2025-09-20 14:39:00,SH001N0082_ACSR000001,2,0.00018463253,0.0001417806,0,0
2025-09-20 14:39:00,SH001N0082_ACSR000001,3,0.001984633,0.00011351194,0,0
2025-09-20 14:39:00,SH001N0082_ACSR000001,4,2.300415e-05,2.300415e-05,0,0
2025-09-20 14:39:00,SH001N0082_ACSR000001,5,2.300415e-05,2.300415e-05,0,0
2025-09-20 14:39:00,SH001N0082_ACSR000001,6,2.300415e-05,2.300415e-05,0,0
2025-09-20 14:39:00,SH001N0082_ACSR000001,7,2.300415e-05,2.300415e-05,0,0
2025-09-20 14:39:00,SH001N0082_ACSR000001,8,2.300415e-05,2.300415e-05,0,0
2025-09-20 14:39:00,SH001N0082_ACSR000001,9,2.300415e-05,2.300415e-05,0,0
2025-09-20 14:39:00,SH001N0082_ACSR000002,1,0.00021446604,0.00053270353,1,1
2025-09-20 14:39:00,SH001N0082_ACSR000002,2,0.0005947985,0.0010626136,1,1
2025-09-20 14:39:00,SH001N0082_ACSR000002,3,0.00017641464,0.00037351585,1,1
2025-09-20 14:39:00,SH001N0082_ACSR000002,4,2.300415e-05,2.300415e-05,0,1
2025-09-20 14:39:00,SH001N0082_ACSR000002,5,2.300415e-05,2.300415e-05,0,1
2025-09-20 14:39:00,SH001N0082_ACSR000002,6,2.300415e-05,2.300415e-05,0,1
2025-09-20 14:39:00,SH001N0082_ACSR000002,7,2.300415e-05,2.300415e-05,0,1
2025-09-20 14:39:00,SH001N0082_ACSR000002,8,2.300415e-05,2.300415e-05,0,1
2025-09-20 14:39:00,SH001N0082_ACSR000002,9,2.300415e-05,2.300415e-05,0,1
2025-09-20 14:39:00,SH001N0082_ACSR000003,1,0.0072754594,0.0023338187,0,0
2025-09-20 14:39:00,SH001N0082_ACSR000003,2,0.0015964726,5.6873076e-05,0,0
2025-09-20 14:39:00,SH001N0082_ACSR000003,3,0.0002551141,0.0002551141,0,0
2025-09-20 14:39:00,SH001N0082_ACSR000003,4,0.00085586746,0.00085586746,0,0
2025-09-20 14:39:00,SH001N0082_ACSR000003,5,2.300415e-05,2.300415e-05,0,0
2025-09-20 14:39:00,SH001N0082_ACSR000003,6,2.300415e-05,2.300415e-05,0,0
2025-09-20 14:39:00,SH001N0082_ACSR000003,7,2.300415e-05,2.300415e-05,0,0
2025-09-20 14:39:00,SH001N0082_ACSR000003,8,2.300415e-05,2.300415e-05,0,0
2025-09-20 14:39:00,SH001N0082_ACSR000003,9,2.300415e-05,2.300415e-05,0,0
2025-09-20 14:39:00,SH001N0082_ACSR000004,1,0.00030296436,0.00018124198,0,0
2025-09-20 14:39:00,SH001N0082_ACSR000004,2,0.00040324262,0.00033652308,0,0
2025-09-20 14:39:00,SH001N0082_ACSR000004,3,0.00055541215,0.000120198514,0,0
2025-09-20 14:39:00,SH001N0082_ACSR000004,4,2.300415e-05,2.300415e-05,0,0
2025-09-20 14:39:00,SH001N0082_ACSR000004,5,2.300415e-05,2.300415e-05,0,0
2025-09-20 14:39:00,SH001N0082_ACSR000004,6,2.300415e-05,2.300415e-05,0,0
2025-09-20 14:39:00,SH001N0082_ACSR000004,7,2.300415e-05,2.300415e-05,0,0
2025-09-20 14:39:00,SH001N0082_ACSR000004,8,2.300415e-05,2.300415e-05,0,0
2025-09-20 14:39:00,SH001N0082_ACSR000004,9,2.300415e-05,2.300415e-05,0,0
2025-09-20 14:39:00,SH001N0083_ACSR000001,1,0.00011647139,3.190654e-05,0,0
2025-09-20 14:39:00,SH001N0083_ACSR000001,2,0.0006589712,0.00022601,0,0
2025-09-20 14:39:00,SH001N0083_ACSR000001,3,2.300415e-05,2.300415e-05,0,0
2025-09-20 14:39:00,SH001N0083_ACSR000001,4,2.300415e-05,2.300415e-05,0,0
2025-09-20 14:39:00,SH001N0083_ACSR000001,5,2.300415e-05,2.300415e-05,0,0
2025-09-20 14:39:00,SH001N0083_ACSR000001,6,2.300415e-05,2.300415e-05,0,0
2025-09-20 14:39:00,SH001N0083_ACSR000001,7,2.300415e-05,2.300415e-05,0,0
2025-09-20 14:39:00,SH001N0083_ACSR000001,8,2.300415e-05,2.300415e-05,0,0
2025-09-20 14:39:00,SH001N0083_ACSR000001,9,2.300415e-05,2.300415e-05,0,0
2025-09-20 14:39:00,SH001N0083_ACSR000002,1,0.00063129264,0.0003598838,0,1
2025-09-20 14:39:00,SH001N0083_ACSR000002,2,0.0007637925,6.787688e-05,0,1
2025-09-20 14:39:00,SH001N0083_ACSR000002,3,0.0009977353,0.00017029488,0,1
2025-09-20 14:39:00,SH001N0083_ACSR000002,4,0.0004631717,0.00011785071,0,1
2025-09-20 14:39:00,SH001N0083_ACSR000002,5,0.00013603155,0.00015400063,1,1
2025-09-20 14:39:00,SH001N0083_ACSR000002,6,2.300415e-05,2.300415e-05,0,1
2025-09-20 14:39:00,SH001N0083_ACSR000002,7,2.300415e-05,2.300415e-05,0,1
2025-09-20 14:39:00,SH001N0083_ACSR000002,8,2.300415e-05,2.300415e-05,0,1
2025-09-20 14:39:00,SH001N0083_ACSR000002,9,2.300415e-05,2.300415e-05,0,1
2025-09-20 14:39:00,SH001N0083_ACSR000003,1,3.7471902e-05,3.7471902e-05,0,1
2025-09-20 14:39:00,SH001N0083_ACSR000003,2,0.00021870363,0.00014612425,0,1
2025-09-20 14:39:00,SH001N0083_ACSR000003,3,0.00022167906,0.00019476803,0,1
2025-09-20 14:39:00,SH001N0083_ACSR000003,4,0.000690436,0.0010640504,1,1
2025-09-20 14:39:00,SH001N0083_ACSR000003,5,2.300415e-05,2.300415e-05,0,1
2025-09-20 14:39:00,SH001N0083_ACSR000003,6,2.300415e-05,2.300415e-05,0,1
2025-09-20 14:39:00,SH001N0083_ACSR000003,7,2.300415e-05,2.300415e-05,0,1
2025-09-20 14:39:00,SH001N0083_ACSR000003,8,2.300415e-05,2.300415e-05,0,1
2025-09-20 14:39:00,SH001N0083_ACSR000003,9,2.300415e-05,2.300415e-05,0,1
2025-09-20 14:39:00,SH001N0084_ACSR000001,1,0.00015524967,0.0001424688,0,1
2025-09-20 14:39:00,SH001N0084_ACSR000001,2,0.00011947201,9.538368e-05,0,1
2025-09-20 14:39:00,SH001N0084_ACSR000001,3,0.00022646262,0.00031394672,1,1
2025-09-20 14:39:00,SH001N0084_ACSR000001,4,9.503663e-05,3.8336948e-05,0,1
2025-09-20 14:39:00,SH001N0084_ACSR000001,5,0.00023711662,0.00020418254,0,1
2025-09-20 14:39:00,SH001N0084_ACSR000001,6,2.300415e-05,2.300415e-05,0,1
2025-09-20 14:39:00,SH001N0084_ACSR000001,7,2.300415e-05,2.300415e-05,0,1
2025-09-20 14:39:00,SH001N0084_ACSR000001,8,2.300415e-05,2.300415e-05,0,1
2025-09-20 14:39:00,SH001N0084_ACSR000001,9,2.300415e-05,2.300415e-05,0,1
2025-09-20 14:39:00,SH001N0084_ACSR000002,1,0.0019858524,6.331157e-05,0,1
2025-09-20 14:39:00,SH001N0084_ACSR000002,2,0.00020241743,0.00016418102,0,1
2025-09-20 14:39:00,SH001N0084_ACSR000002,3,0.00092283933,0.00060875766,0,1
2025-09-20 14:39:00,SH001N0084_ACSR000002,4,0.00068926724,0.00014040768,0,1
2025-09-20 14:39:00,SH001N0084_ACSR000002,5,0.00015239674,0.00041928474,1,1
2025-09-20 14:39:00,SH001N0084_ACSR000002,6,2.300415e-05,2.300415e-05,0,1
2025-09-20 14:39:00,SH001N0084_ACSR000002,7,2.300415e-05,2.300415e-05,0,1
2025-09-20 14:39:00,SH001N0084_ACSR000002,8,2.300415e-05,2.300415e-05,0,1
2025-09-20 14:39:00,SH001N0084_ACSR000002,9,2.300415e-05,2.300415e-05,0,1
2025-09-20 14:39:00,SH001N0084_ACSR000003,1,0.00031606684,0.00010273352,0,0
2025-09-20 14:39:00,SH001N0084_ACSR000003,2,0.00026367948,9.760557e-05,0,0
2025-09-20 14:39:00,SH001N0084_ACSR000003,3,0.00030872546,4.1504976e-05,0,0
2025-09-20 14:39:00,SH001N0084_ACSR000003,4,0.00038706994,0.00032985787,0,0
2025-09-20 14:39:00,SH001N0084_ACSR000003,5,2.300415e-05,2.300415e-05,0,0
2025-09-20 14:39:00,SH001N0084_ACSR000003,6,2.300415e-05,2.300415e-05,0,0
2025-09-20 14:39:00,SH001N0084_ACSR000003,7,2.300415e-05,2.300415e-05,0,0
2025-09-20 14:39:00,SH001N0084_ACSR000003,8,2.300415e-05,2.300415e-05,0,0
2025-09-20 14:39:00,SH001N0084_ACSR000003,9,2.300415e-05,2.300415e-05,0,0
2025-09-20 14:39:00,SH001N0084_ACSR000004,1,0.0024655596,0.0002740426,0,0
2025-09-20 14:39:00,SH001N0084_ACSR000004,2,2.8590493,0.000105100204,0,0
2025-09-20 14:39:00,SH001N0084_ACSR000004,3,0.0008667168,0.00011805056,0,0
2025-09-20 14:39:00,SH001N0084_ACSR000004,4,0.00028052786,0.00015238365,0,0
2025-09-20 14:39:00,SH001N0084_ACSR000004,5,0.001489717,0.00026705072,0,0
2025-09-20 14:39:00,SH001N0084_ACSR000004,6,2.300415e-05,2.300415e-05,0,0
2025-09-20 14:39:00,SH001N0084_ACSR000004,7,2.300415e-05,2.300415e-05,0,0
2025-09-20 14:39:00,SH001N0084_ACSR000004,8,2.300415e-05,2.300415e-05,0,0
2025-09-20 14:39:00,SH001N0084_ACSR000004,9,2.300415e-05,2.300415e-05,0,0
2025-09-20 14:39:00,SH001N0090_ACSR000001,1,0.00038299308,0.0001353745,0,1
2025-09-20 14:39:00,SH001N0090_ACSR000001,2,0.00025709328,0.0001964213,0,1
2025-09-20 14:39:00,SH001N0090_ACSR000001,3,5.2298787e-05,0.0027034718,1,1
2025-09-20 14:39:00,SH001N0090_ACSR000001,4,0.00031599755,0.00015634476,0,1
2025-09-20 14:39:00,SH001N0090_ACSR000001,5,2.300415e-05,2.300415e-05,0,1
2025-09-20 14:39:00,SH001N0090_ACSR000001,6,2.300415e-05,2.300415e-05,0,1
2025-09-20 14:39:00,SH001N0090_ACSR000001,7,2.300415e-05,2.300415e-05,0,1
2025-09-20 14:39:00,SH001N0090_ACSR000001,8,2.300415e-05,2.300415e-05,0,1
2025-09-20 14:39:00,SH001N0090_ACSR000001,9,2.300415e-05,2.300415e-05,0,1
2025-09-20 14:39:00,SH001N0090_ACSR000002,1,0.00039889375,0.00012580244,0,0
2025-09-20 14:39:00,SH001N0090_ACSR000002,2,0.00034914154,0.00015841781,0,0
2025-09-20 14:39:00,SH001N0090_ACSR000002,3,0.00022880518,4.94928e-05,0,0
2025-09-20 14:39:00,SH001N0090_ACSR000002,4,2.300415e-05,2.300415e-05,0,0
2025-09-20 14:39:00,SH001N0090_ACSR000002,5,2.300415e-05,2.300415e-05,0,0
2025-09-20 14:39:00,SH001N0090_ACSR000002,6,2.300415e-05,2.300415e-05,0,0
2025-09-20 14:39:00,SH001N0090_ACSR000002,7,2.300415e-05,2.300415e-05,0,0
2025-09-20 14:39:00,SH001N0090_ACSR000002,8,2.300415e-05,2.300415e-05,0,0
2025-09-20 14:39:00,SH001N0090_ACSR000002,9,2.300415e-05,2.300415e-05,0,0
2025-09-20 14:39:00,SH001N0090_ACSR000003,1,0.0005815348,8.405211e-05,0,0
2025-09-20 14:39:00,SH001N0090_ACSR000003,2,0.0005842866,0.00016611941,0,0
2025-09-20 14:39:00,SH001N0090_ACSR000003,3,2.300415e-05,2.300415e-05,0,0
2025-09-20 14:39:00,SH001N0090_ACSR000003,4,2.300415e-05,2.300415e-05,0,0
2025-09-20 14:39:00,SH001N0090_ACSR000003,5,2.300415e-05,2.300415e-05,0,0
2025-09-20 14:39:00,SH001N0090_ACSR000003,6,2.300415e-05,2.300415e-05,0,0
2025-09-20 14:39:00,SH001N0090_ACSR000003,7,2.300415e-05,2.300415e-05,0,0
2025-09-20 14:39:00,SH001N0090_ACSR000003,8,2.300415e-05,2.300415e-05,0,0
2025-09-20 14:39:00,SH001N0090_ACSR000003,9,2.300415e-05,2.300415e-05,0,0
2025-09-20 14:39:00,SH001N0090_ACSR000004,1,0.00047847626,7.752749e-05,0,0
2025-09-20 14:39:00,SH001N0090_ACSR000004,2,0.0003058966,0.00024792427,0,0
2025-09-20 14:39:00,SH001N0090_ACSR000004,3,0.00028911492,0.00017565797,0,0
2025-09-20 14:39:00,SH001N0090_ACSR000004,4,2.300415e-05,2.300415e-05,0,0
2025-09-20 14:39:00,SH001N0090_ACSR000004,5,2.300415e-05,2.300415e-05,0,0
2025-09-20 14:39:00,SH001N0090_ACSR000004,6,2.300415e-05,2.300415e-05,0,0
2025-09-20 14:39:00,SH001N0090_ACSR000004,7,2.300415e-05,2.300415e-05,0,0
2025-09-20 14:39:00,SH001N0090_ACSR000004,8,2.300415e-05,2.300415e-05,0,0
2025-09-20 14:39:00,SH001N0090_ACSR000004,9,2.300415e-05,2.300415e-05,0,0
2025-09-20 14:39:00,SH001N0091_ACSR000001,1,0.00010564084,0.0002414547,1,1
2025-09-20 14:39:00,SH001N0091_ACSR000001,2,0.0009293888,0.00014999355,0,1
2025-09-20 14:39:00,SH001N0091_ACSR000001,3,0.00014623515,7.69746e-05,0,1
2025-09-20 14:39:00,SH001N0091_ACSR000001,4,0.0006137645,0.00016023844,0,1
2025-09-20 14:39:00,SH001N0091_ACSR000001,5,0.00034954876,5.0163297e-05,0,1
2025-09-20 14:39:00,SH001N0091_ACSR000001,6,2.300415e-05,2.300415e-05,0,1
2025-09-20 14:39:00,SH001N0091_ACSR000001,7,2.300415e-05,2.300415e-05,0,1
2025-09-20 14:39:00,SH001N0091_ACSR000001,8,2.300415e-05,2.300415e-05,0,1
2025-09-20 14:39:00,SH001N0091_ACSR000001,9,2.300415e-05,2.300415e-05,0,1
2025-09-20 14:39:00,SH001N0091_ACSR000002,1,0.0061573195,0.00012559514,0,0
2025-09-20 14:39:00,SH001N0091_ACSR000002,2,0.0013216728,0.00018055999,0,0
2025-09-20 14:39:00,SH001N0091_ACSR000002,3,0.0005079688,0.00021237115,0,0
2025-09-20 14:39:00,SH001N0091_ACSR000002,4,0.00060759916,0.00010109593,0,0
2025-09-20 14:39:00,SH001N0091_ACSR000002,5,2.300415e-05,2.300415e-05,0,0
2025-09-20 14:39:00,SH001N0091_ACSR000002,6,2.300415e-05,2.300415e-05,0,0
2025-09-20 14:39:00,SH001N0091_ACSR000002,7,2.300415e-05,2.300415e-05,0,0
2025-09-20 14:39:00,SH001N0091_ACSR000002,8,2.300415e-05,2.300415e-05,0,0
2025-09-20 14:39:00,SH001N0091_ACSR000002,9,2.300415e-05,2.300415e-05,0,0
2025-09-20 14:39:00,SH001N0091_ACSR000003,1,0.0008573653,0.00037061778,0,1
2025-09-20 14:39:00,SH001N0091_ACSR000003,2,0.00029891875,0.0002906445,0,1
2025-09-20 14:39:00,SH001N0091_ACSR000003,3,4.644889,0.00012475516,0,1
2025-09-20 14:39:00,SH001N0091_ACSR000003,4,0.00046433642,0.00016383895,0,1
2025-09-20 14:39:00,SH001N0091_ACSR000003,5,0.00014221073,0.00015129083,1,1
2025-09-20 14:39:00,SH001N0091_ACSR000003,6,2.300415e-05,2.300415e-05,0,1
2025-09-20 14:39:00,SH001N0091_ACSR000003,7,2.300415e-05,2.300415e-05,0,1
2025-09-20 14:39:00,SH001N0091_ACSR000003,8,2.300415e-05,2.300415e-05,0,1
2025-09-20 14:39:00,SH001N0091_ACSR000003,9,2.300415e-05,2.300415e-05,0,1
2025-09-20 14:39:00,SH001N0091_ACSR000004,1,0.0015743478,9.8101744e-05,0,1
2025-09-20 14:39:00,SH001N0091_ACSR000004,2,0.0001733758,6.665983e-05,0,1
2025-09-20 14:39:00,SH001N0091_ACSR000004,3,0.0003705785,0.00016736385,0,1
2025-09-20 14:39:00,SH001N0091_ACSR000004,4,0.00053099473,0.0017614166,1,1
2025-09-20 14:39:00,SH001N0091_ACSR000004,5,2.300415e-05,2.300415e-05,0,1
2025-09-20 14:39:00,SH001N0091_ACSR000004,6,2.300415e-05,2.300415e-05,0,1
2025-09-20 14:39:00,SH001N0091_ACSR000004,7,2.300415e-05,2.300415e-05,0,1
2025-09-20 14:39:00,SH001N0091_ACSR000004,8,2.300415e-05,2.300415e-05,0,1
2025-09-20 14:39:00,SH001N0091_ACSR000004,9,2.300415e-05,2.300415e-05,0,1
2025-09-20 14:39:00,SH001N0092_ACSR000001,1,0.0019977922,0.00010204576,0,0
2025-09-20 14:39:00,SH001N0092_ACSR000001,2,3.7471902e-05,3.7471902e-05,0,0
2025-09-20 14:39:00,SH001N0092_ACSR000001,3,2.300415e-05,2.300415e-05,0,0
2025-09-20 14:39:00,SH001N0092_ACSR000001,4,2.300415e-05,2.300415e-05,0,0
2025-09-20 14:39:00,SH001N0092_ACSR000001,5,2.300415e-05,2.300415e-05,0,0
2025-09-20 14:39:00,SH001N0092_ACSR000001,6,2.300415e-05,2.300415e-05,0,0
2025-09-20 14:39:00,SH001N0092_ACSR000001,7,2.300415e-05,2.300415e-05,0,0
2025-09-20 14:39:00,SH001N0092_ACSR000001,8,2.300415e-05,2.300415e-05,0,0
2025-09-20 14:39:00,SH001N0092_ACSR000001,9,2.300415e-05,2.300415e-05,0,0
2025-09-20 14:39:00,SH001N0092_ACSR000002,1,2.300415e-05,2.300415e-05,0,0
2025-09-20 14:39:00,SH001N0092_ACSR000002,2,0.002941473,4.4178734e-05,0,0
2025-09-20 14:39:00,SH001N0092_ACSR000002,3,0.0003812081,0.00011471812,0,0
2025-09-20 14:39:00,SH001N0092_ACSR000002,4,0.001855599,0.00014351528,0,0
2025-09-20 14:39:00,SH001N0092_ACSR000002,5,2.300415e-05,2.300415e-05,0,0
2025-09-20 14:39:00,SH001N0092_ACSR000002,6,2.300415e-05,2.300415e-05,0,0
2025-09-20 14:39:00,SH001N0092_ACSR000002,7,2.300415e-05,2.300415e-05,0,0
2025-09-20 14:39:00,SH001N0092_ACSR000002,8,2.300415e-05,2.300415e-05,0,0
2025-09-20 14:39:00,SH001N0092_ACSR000002,9,2.300415e-05,2.300415e-05,0,0
2025-09-20 14:39:00,SH001N0092_ACSR000003,1,0.0003099333,0.00012596008,0,0
2025-09-20 14:39:00,SH001N0092_ACSR000003,2,0.00028515735,2.579054e-05,0,0
2025-09-20 14:39:00,SH001N0092_ACSR000003,3,0.00045289056,0.000187434,0,0
2025-09-20 14:39:00,SH001N0092_ACSR000003,4,2.300415e-05,2.300415e-05,0,0
2025-09-20 14:39:00,SH001N0092_ACSR000003,5,2.300415e-05,2.300415e-05,0,0
2025-09-20 14:39:00,SH001N0092_ACSR000003,6,2.300415e-05,2.300415e-05,0,0
2025-09-20 14:39:00,SH001N0092_ACSR000003,7,2.300415e-05,2.300415e-05,0,0
2025-09-20 14:39:00,SH001N0092_ACSR000003,8,2.300415e-05,2.300415e-05,0,0
2025-09-20 14:39:00,SH001N0092_ACSR000003,9,2.300415e-05,2.300415e-05,0,0
2025-09-20 14:39:00,SH001N0093_ACSR000001,1,6.529982e-05,0.00023711481,1,1
2025-09-20 14:39:00,SH001N0093_ACSR000001,2,0.00016667448,0.0019920322,1,1
2025-09-20 14:39:00,SH001N0093_ACSR000001,3,0.00014739015,0.00049733266,1,1
2025-09-20 14:39:00,SH001N0093_ACSR000001,4,2.300415e-05,2.300415e-05,0,1
2025-09-20 14:39:00,SH001N0093_ACSR000001,5,2.300415e-05,2.300415e-05,0,1
2025-09-20 14:39:00,SH001N0093_ACSR000001,6,2.300415e-05,2.300415e-05,0,1
2025-09-20 14:39:00,SH001N0093_ACSR000001,7,2.300415e-05,2.300415e-05,0,1
2025-09-20 14:39:00,SH001N0093_ACSR000001,8,2.300415e-05,2.300415e-05,0,1
2025-09-20 14:39:00,SH001N0093_ACSR000001,9,2.300415e-05,2.300415e-05,0,1
2025-09-20 14:39:00,SH001N0093_ACSR000002,1,0.00019426378,7.257439e-05,0,0
2025-09-20 14:39:00,SH001N0093_ACSR000002,2,0.0004507372,0.00015633245,0,0
2025-09-20 14:39:00,SH001N0093_ACSR000002,3,0.00056123076,0.00016205119,0,0
2025-09-20 14:39:00,SH001N0093_ACSR000002,4,0.0005151761,0.00017275996,0,0
2025-09-20 14:39:00,SH001N0093_ACSR000002,5,2.300415e-05,2.300415e-05,0,0
2025-09-20 14:39:00,SH001N0093_ACSR000002,6,2.300415e-05,2.300415e-05,0,0
2025-09-20 14:39:00,SH001N0093_ACSR000002,7,2.300415e-05,2.300415e-05,0,0
2025-09-20 14:39:00,SH001N0093_ACSR000002,8,2.300415e-05,2.300415e-05,0,0
2025-09-20 14:39:00,SH001N0093_ACSR000002,9,2.300415e-05,2.300415e-05,0,0
2025-09-20 14:39:00,SH001N0093_ACSR000003,1,0.0007169809,0.00052100344,0,1
2025-09-20 14:39:00,SH001N0093_ACSR000003,2,0.0004100545,0.0010328356,1,1
2025-09-20 14:39:00,SH001N0093_ACSR000003,3,2.300415e-05,2.300415e-05,0,1
2025-09-20 14:39:00,SH001N0093_ACSR000003,4,2.300415e-05,2.300415e-05,0,1
2025-09-20 14:39:00,SH001N0093_ACSR000003,5,2.300415e-05,2.300415e-05,0,1
2025-09-20 14:39:00,SH001N0093_ACSR000003,6,2.300415e-05,2.300415e-05,0,1
2025-09-20 14:39:00,SH001N0093_ACSR000003,7,2.300415e-05,2.300415e-05,0,1
2025-09-20 14:39:00,SH001N0093_ACSR000003,8,2.300415e-05,2.300415e-05,0,1
2025-09-20 14:39:00,SH001N0093_ACSR000003,9,2.300415e-05,2.300415e-05,0,1
2025-09-20 14:39:00,SH001N0093_ACSR000004,1,0.00012338173,0.00012338173,0,1
2025-09-20 14:39:00,SH001N0093_ACSR000004,2,0.00021582226,0.00022902587,1,1
2025-09-20 14:39:00,SH001N0093_ACSR000004,3,0.0003328665,0.0001394334,0,1
2025-09-20 14:39:00,SH001N0093_ACSR000004,4,0.0003126932,0.000108281216,0,1
2025-09-20 14:39:00,SH001N0093_ACSR000004,5,2.300415e-05,2.300415e-05,0,1
2025-09-20 14:39:00,SH001N0093_ACSR000004,6,2.300415e-05,2.300415e-05,0,1
2025-09-20 14:39:00,SH001N0093_ACSR000004,7,2.300415e-05,2.300415e-05,0,1
2025-09-20 14:39:00,SH001N0093_ACSR000004,8,2.300415e-05,2.300415e-05,0,1
2025-09-20 14:39:00,SH001N0093_ACSR000004,9,2.300415e-05,2.300415e-05,0,1
2025-09-20 14:39:00,SH001N0094_ACSR000001,1,0.00048523015,7.8423946e-05,0,0
2025-09-20 14:39:00,SH001N0094_ACSR000001,2,0.00022681197,0.00022681197,0,0
2025-09-20 14:39:00,SH001N0094_ACSR000001,3,2.300415e-05,2.300415e-05,0,0
2025-09-20 14:39:00,SH001N0094_ACSR000001,4,2.300415e-05,2.300415e-05,0,0
2025-09-20 14:39:00,SH001N0094_ACSR000001,5,2.300415e-05,2.300415e-05,0,0
2025-09-20 14:39:00,SH001N0094_ACSR000001,6,2.300415e-05,2.300415e-05,0,0
2025-09-20 14:39:00,SH001N0094_ACSR000001,7,2.300415e-05,2.300415e-05,0,0
2025-09-20 14:39:00,SH001N0094_ACSR000001,8,2.300415e-05,2.300415e-05,0,0
2025-09-20 14:39:00,SH001N0094_ACSR000001,9,2.300415e-05,2.300415e-05,0,0
2025-09-20 14:39:00,SH001N0094_ACSR000002,1,3.7471902e-05,0.0030152493,1,1
2025-09-20 14:39:00,SH001N0094_ACSR000002,2,0.00050704664,0.00055135606,1,1
2025-09-20 14:39:00,SH001N0094_ACSR000002,3,0.0003527869,0.00031942368,0,1
2025-09-20 14:39:00,SH001N0094_ACSR000002,4,0.0002840315,0.00011426916,0,1
2025-09-20 14:39:00,SH001N0094_ACSR000002,5,2.300415e-05,2.300415e-05,0,1
2025-09-20 14:39:00,SH001N0094_ACSR000002,6,2.300415e-05,2.300415e-05,0,1
2025-09-20 14:39:00,SH001N0094_ACSR000002,7,2.300415e-05,2.300415e-05,0,1
2025-09-20 14:39:00,SH001N0094_ACSR000002,8,2.300415e-05,2.300415e-05,0,1
2025-09-20 14:39:00,SH001N0094_ACSR000002,9,2.300415e-05,2.300415e-05,0,1
2025-09-20 14:39:00,SH001N0094_ACSR000003,1,0.0004591313,0.00011708097,0,0
2025-09-20 14:39:00,SH001N0094_ACSR000003,2,0.00042554582,0.0001508546,0,0
2025-09-20 14:39:00,SH001N0094_ACSR000003,3,0.0003086375,0.00015638382,0,0
2025-09-20 14:39:00,SH001N0094_ACSR000003,4,2.300415e-05,2.300415e-05,0,0
2025-09-20 14:39:00,SH001N0094_ACSR000003,5,2.300415e-05,2.300415e-05,0,0
2025-09-20 14:39:00,SH001N0094_ACSR000003,6,2.300415e-05,2.300415e-05,0,0
2025-09-20 14:39:00,SH001N0094_ACSR000003,7,2.300415e-05,2.300415e-05,0,0
2025-09-20 14:39:00,SH001N0094_ACSR000003,8,2.300415e-05,2.300415e-05,0,0
2025-09-20 14:39:00,SH001N0094_ACSR000003,9,2.300415e-05,2.300415e-05,0,0
2025-09-20 14:39:00,SH001N0095_ACSR000001,1,0.00025629555,0.00023990584,0,0
2025-09-20 14:39:00,SH001N0095_ACSR000001,2,0.00026959917,0.00016208884,0,0
2025-09-20 14:39:00,SH001N0095_ACSR000001,3,2.300415e-05,2.300415e-05,0,0
2025-09-20 14:39:00,SH001N0095_ACSR000001,4,2.300415e-05,2.300415e-05,0,0
2025-09-20 14:39:00,SH001N0095_ACSR000001,5,2.300415e-05,2.300415e-05,0,0
2025-09-20 14:39:00,SH001N0095_ACSR000001,6,2.300415e-05,2.300415e-05,0,0
2025-09-20 14:39:00,SH001N0095_ACSR000001,7,2.300415e-05,2.300415e-05,0,0
2025-09-20 14:39:00,SH001N0095_ACSR000001,8,2.300415e-05,2.300415e-05,0,0
2025-09-20 14:39:00,SH001N0095_ACSR000001,9,2.300415e-05,2.300415e-05,0,0
2025-09-20 14:39:00,SH001N0095_ACSR000002,1,2.300415e-05,2.300415e-05,0,0
2025-09-20 14:39:00,SH001N0095_ACSR000002,2,0.00086758647,0.0001418532,0,0
2025-09-20 14:39:00,SH001N0095_ACSR000002,3,0.0002269248,0.00010460212,0,0
2025-09-20 14:39:00,SH001N0095_ACSR000002,4,0.0013047952,7.770713e-05,0,0
2025-09-20 14:39:00,SH001N0095_ACSR000002,5,2.300415e-05,2.300415e-05,0,0
2025-09-20 14:39:00,SH001N0095_ACSR000002,6,2.300415e-05,2.300415e-05,0,0
2025-09-20 14:39:00,SH001N0095_ACSR000002,7,2.300415e-05,2.300415e-05,0,0
2025-09-20 14:39:00,SH001N0095_ACSR000002,8,2.300415e-05,2.300415e-05,0,0
2025-09-20 14:39:00,SH001N0095_ACSR000002,9,2.300415e-05,2.300415e-05,0,0
2025-09-20 14:39:00,SH001N0095_ACSR000003,1,0.0006317764,0.00020949169,0,1
2025-09-20 14:39:00,SH001N0095_ACSR000003,2,0.00041021645,0.00039288163,0,1
2025-09-20 14:39:00,SH001N0095_ACSR000003,3,0.00052175677,0.00055032776,1,1
2025-09-20 14:39:00,SH001N0095_ACSR000003,4,7.1783004e-05,7.1783004e-05,0,1
2025-09-20 14:39:00,SH001N0095_ACSR000003,5,2.300415e-05,2.300415e-05,0,1
2025-09-20 14:39:00,SH001N0095_ACSR000003,6,2.300415e-05,2.300415e-05,0,1
2025-09-20 14:39:00,SH001N0095_ACSR000003,7,2.300415e-05,2.300415e-05,0,1
2025-09-20 14:39:00,SH001N0095_ACSR000003,8,2.300415e-05,2.300415e-05,0,1
2025-09-20 14:39:00,SH001N0095_ACSR000003,9,2.300415e-05,2.300415e-05,0,1
2025-09-20 14:39:00,SH001N0096_ACSR000001,1,0.0023036948,0.00012361517,0,1
2025-09-20 14:39:00,SH001N0096_ACSR000001,2,0.0022626214,0.00012672458,0,1
2025-09-20 14:39:00,SH001N0096_ACSR000001,3,0.00014278528,0.00016127758,1,1
2025-09-20 14:39:00,SH001N0096_ACSR000001,4,0.004545048,5.194293e-05,0,1
2025-09-20 14:39:00,SH001N0096_ACSR000001,5,2.300415e-05,2.300415e-05,0,1
2025-09-20 14:39:00,SH001N0096_ACSR000001,6,2.300415e-05,2.300415e-05,0,1
2025-09-20 14:39:00,SH001N0096_ACSR000001,7,2.300415e-05,2.300415e-05,0,1
2025-09-20 14:39:00,SH001N0096_ACSR000001,8,2.300415e-05,2.300415e-05,0,1
2025-09-20 14:39:00,SH001N0096_ACSR000001,9,2.300415e-05,2.300415e-05,0,1
2025-09-20 14:39:00,SH001N0096_ACSR000002,1,0.0022993127,0.004063303,1,1
2025-09-20 14:39:00,SH001N0096_ACSR000002,2,2.300415e-05,2.300415e-05,0,1
2025-09-20 14:39:00,SH001N0096_ACSR000002,3,0.0038192857,0.00032378934,0,1
2025-09-20 14:39:00,SH001N0096_ACSR000002,4,8.0979866e-05,8.0979866e-05,0,1
2025-09-20 14:39:00,SH001N0096_ACSR000002,5,2.300415e-05,2.300415e-05,0,1
2025-09-20 14:39:00,SH001N0096_ACSR000002,6,2.300415e-05,2.300415e-05,0,1
2025-09-20 14:39:00,SH001N0096_ACSR000002,7,2.300415e-05,2.300415e-05,0,1
2025-09-20 14:39:00,SH001N0096_ACSR000002,8,2.300415e-05,2.300415e-05,0,1
2025-09-20 14:39:00,SH001N0096_ACSR000002,9,2.300415e-05,2.300415e-05,0,1
2025-09-20 14:39:00,SH001N0096_ACSR000003,1,0.00095596834,0.0007456337,0,0
2025-09-20 14:39:00,SH001N0096_ACSR000003,2,0.0010462392,0.00014820325,0,0
2025-09-20 14:39:00,SH001N0096_ACSR000003,3,2.300415e-05,2.300415e-05,0,0
2025-09-20 14:39:00,SH001N0096_ACSR000003,4,2.300415e-05,2.300415e-05,0,0
2025-09-20 14:39:00,SH001N0096_ACSR000003,5,2.300415e-05,2.300415e-05,0,0
2025-09-20 14:39:00,SH001N0096_ACSR000003,6,2.300415e-05,2.300415e-05,0,0
2025-09-20 14:39:00,SH001N0096_ACSR000003,7,2.300415e-05,2.300415e-05,0,0
2025-09-20 14:39:00,SH001N0096_ACSR000003,8,2.300415e-05,2.300415e-05,0,0
2025-09-20 14:39:00,SH001N0096_ACSR000003,9,2.300415e-05,2.300415e-05,0,0
2025-09-20 14:39:00,SH001N0096_ACSR000004,1,0.0011329525,2.6103187e-05,0,0
2025-09-20 14:39:00,SH001N0096_ACSR000004,2,0.00022944147,0.00016214944,0,0
2025-09-20 14:39:00,SH001N0096_ACSR000004,3,0.0003960758,9.920002e-05,0,0
2025-09-20 14:39:00,SH001N0096_ACSR000004,4,0.0001760367,0.0001760367,0,0
2025-09-20 14:39:00,SH001N0096_ACSR000004,5,2.300415e-05,2.300415e-05,0,0
2025-09-20 14:39:00,SH001N0096_ACSR000004,6,2.300415e-05,2.300415e-05,0,0
2025-09-20 14:39:00,SH001N0096_ACSR000004,7,2.300415e-05,2.300415e-05,0,0
2025-09-20 14:39:00,SH001N0096_ACSR000004,8,2.300415e-05,2.300415e-05,0,0
2025-09-20 14:39:00,SH001N0096_ACSR000004,9,2.300415e-05,2.300415e-05,0,0
2025-09-20 14:39:00,SH001N0097_ACSR000001,1,0.0003552361,6.186441e-05,0,0
2025-09-20 14:39:00,SH001N0097_ACSR000001,2,0.00056340784,0.0003213869,0,0
2025-09-20 14:39:00,SH001N0097_ACSR000001,3,0.12794584,0.00011973351,0,0
2025-09-20 14:39:00,SH001N0097_ACSR000001,4,2.300415e-05,2.300415e-05,0,0
2025-09-20 14:39:00,SH001N0097_ACSR000001,5,2.300415e-05,2.300415e-05,0,0
2025-09-20 14:39:00,SH001N0097_ACSR000001,6,2.300415e-05,2.300415e-05,0,0
2025-09-20 14:39:00,SH001N0097_ACSR000001,7,2.300415e-05,2.300415e-05,0,0
2025-09-20 14:39:00,SH001N0097_ACSR000001,8,2.300415e-05,2.300415e-05,0,0
2025-09-20 14:39:00,SH001N0097_ACSR000001,9,2.300415e-05,2.300415e-05,0,0
2025-09-20 14:39:00,SH001N0097_ACSR000002,1,0.0013792933,0.00015836256,0,0
2025-09-20 14:39:00,SH001N0097_ACSR000002,2,0.00039525758,0.00024857707,0,0
2025-09-20 14:39:00,SH001N0097_ACSR000002,3,0.0009814908,0.00037073324,0,0
2025-09-20 14:39:00,SH001N0097_ACSR000002,4,2.300415e-05,2.300415e-05,0,0
2025-09-20 14:39:00,SH001N0097_ACSR000002,5,2.300415e-05,2.300415e-05,0,0
2025-09-20 14:39:00,SH001N0097_ACSR000002,6,2.300415e-05,2.300415e-05,0,0
2025-09-20 14:39:00,SH001N0097_ACSR000002,7,2.300415e-05,2.300415e-05,0,0
2025-09-20 14:39:00,SH001N0097_ACSR000002,8,2.300415e-05,2.300415e-05,0,0
2025-09-20 14:39:00,SH001N0097_ACSR000002,9,2.300415e-05,2.300415e-05,0,0
2025-09-20 14:39:00,SH001N0097_ACSR000003,1,0.00016106572,8.0967686e-05,0,0
2025-09-20 14:39:00,SH001N0097_ACSR000003,2,610.0137,0.00029995854,0,0
2025-09-20 14:39:00,SH001N0097_ACSR000003,3,23.661314,0.0003967142,0,0
2025-09-20 14:39:00,SH001N0097_ACSR000003,4,0.00068634993,0.00027741052,0,0
2025-09-20 14:39:00,SH001N0097_ACSR000003,5,2.300415e-05,2.300415e-05,0,0
2025-09-20 14:39:00,SH001N0097_ACSR000003,6,2.300415e-05,2.300415e-05,0,0
2025-09-20 14:39:00,SH001N0097_ACSR000003,7,2.300415e-05,2.300415e-05,0,0
2025-09-20 14:39:00,SH001N0097_ACSR000003,8,2.300415e-05,2.300415e-05,0,0
2025-09-20 14:39:00,SH001N0097_ACSR000003,9,2.300415e-05,2.300415e-05,0,0
2025-09-20 14:39:00,SH001N0098_ACSR000001,1,0.0020548617,4.5135457e-05,0,0
2025-09-20 14:39:00,SH001N0098_ACSR000001,2,0.001950112,0.000853244,0,0
2025-09-20 14:39:00,SH001N0098_ACSR000001,3,0.0032242918,0.00092406967,0,0
2025-09-20 14:39:00,SH001N0098_ACSR000001,4,0.0030468267,0.00018665129,0,0
2025-09-20 14:39:00,SH001N0098_ACSR000001,5,2.300415e-05,2.300415e-05,0,0
2025-09-20 14:39:00,SH001N0098_ACSR000001,6,2.300415e-05,2.300415e-05,0,0
2025-09-20 14:39:00,SH001N0098_ACSR000001,7,2.300415e-05,2.300415e-05,0,0
2025-09-20 14:39:00,SH001N0098_ACSR000001,8,2.300415e-05,2.300415e-05,0,0
2025-09-20 14:39:00,SH001N0098_ACSR000001,9,2.300415e-05,2.300415e-05,0,0
2025-09-20 14:39:00,SH001N0098_ACSR000002,1,0.0002501534,0.0001858564,0,0
2025-09-20 14:39:00,SH001N0098_ACSR000002,2,0.0011230517,9.126695e-05,0,0
2025-09-20 14:39:00,SH001N0098_ACSR000002,3,0.0012137352,7.5487376e-05,0,0
2025-09-20 14:39:00,SH001N0098_ACSR000002,4,0.00021815988,0.00013391855,0,0
2025-09-20 14:39:00,SH001N0098_ACSR000002,5,2.300415e-05,2.300415e-05,0,0
2025-09-20 14:39:00,SH001N0098_ACSR000002,6,2.300415e-05,2.300415e-05,0,0
2025-09-20 14:39:00,SH001N0098_ACSR000002,7,2.300415e-05,2.300415e-05,0,0
2025-09-20 14:39:00,SH001N0098_ACSR000002,8,2.300415e-05,2.300415e-05,0,0
2025-09-20 14:39:00,SH001N0098_ACSR000002,9,2.300415e-05,2.300415e-05,0,0
2025-09-20 14:39:00,SH001N0098_ACSR000003,1,0.00036971353,0.00036971353,0,0
2025-09-20 14:39:00,SH001N0098_ACSR000003,2,0.00036875284,0.00014776997,0,0
2025-09-20 14:39:00,SH001N0098_ACSR000003,3,2.300415e-05,2.300415e-05,0,0
2025-09-20 14:39:00,SH001N0098_ACSR000003,4,2.300415e-05,2.300415e-05,0,0
2025-09-20 14:39:00,SH001N0098_ACSR000003,5,2.300415e-05,2.300415e-05,0,0
2025-09-20 14:39:00,SH001N0098_ACSR000003,6,2.300415e-05,2.300415e-05,0,0
2025-09-20 14:39:00,SH001N0098_ACSR000003,7,2.300415e-05,2.300415e-05,0,0
2025-09-20 14:39:00,SH001N0098_ACSR000003,8,2.300415e-05,2.300415e-05,0,0
2025-09-20 14:39:00,SH001N0098_ACSR000003,9,2.300415e-05,2.300415e-05,0,0
2025-09-20 14:39:00,SH001N0099_ACSR000001,1,0.00068920373,7.588312e-05,0,0
2025-09-20 14:39:00,SH001N0099_ACSR000001,2,2.300415e-05,2.300415e-05,0,0
2025-09-20 14:39:00,SH001N0099_ACSR000001,3,2.300415e-05,2.300415e-05,0,0
2025-09-20 14:39:00,SH001N0099_ACSR000001,4,2.300415e-05,2.300415e-05,0,0
2025-09-20 14:39:00,SH001N0099_ACSR000001,5,2.300415e-05,2.300415e-05,0,0
2025-09-20 14:39:00,SH001N0099_ACSR000001,6,2.300415e-05,2.300415e-05,0,0
2025-09-20 14:39:00,SH001N0099_ACSR000001,7,2.300415e-05,2.300415e-05,0,0
2025-09-20 14:39:00,SH001N0099_ACSR000001,8,2.300415e-05,2.300415e-05,0,0
2025-09-20 14:39:00,SH001N0099_ACSR000001,9,2.300415e-05,2.300415e-05,0,0
2025-09-20 14:39:00,SH001N0099_ACSR000002,1,0.00026191908,0.0009803929,1,1
2025-09-20 14:39:00,SH001N0099_ACSR000002,2,0.00016162514,0.0004481046,1,1
2025-09-20 14:39:00,SH001N0099_ACSR000002,3,2.300415e-05,2.300415e-05,0,1
2025-09-20 14:39:00,SH001N0099_ACSR000002,4,2.300415e-05,2.300415e-05,0,1
2025-09-20 14:39:00,SH001N0099_ACSR000002,5,2.300415e-05,2.300415e-05,0,1
2025-09-20 14:39:00,SH001N0099_ACSR000002,6,2.300415e-05,2.300415e-05,0,1
2025-09-20 14:39:00,SH001N0099_ACSR000002,7,2.300415e-05,2.300415e-05,0,1
2025-09-20 14:39:00,SH001N0099_ACSR000002,8,2.300415e-05,2.300415e-05,0,1
2025-09-20 14:39:00,SH001N0099_ACSR000002,9,2.300415e-05,2.300415e-05,0,1
2025-09-20 14:39:00,SH001N0099_ACSR000003,1,0.00014980984,4.5591158e-05,0,0
2025-09-20 14:39:00,SH001N0099_ACSR000003,2,0.00024994081,0.00024994081,0,0
2025-09-20 14:39:00,SH001N0099_ACSR000003,3,2.300415e-05,2.300415e-05,0,0
2025-09-20 14:39:00,SH001N0099_ACSR000003,4,2.300415e-05,2.300415e-05,0,0
2025-09-20 14:39:00,SH001N0099_ACSR000003,5,2.300415e-05,2.300415e-05,0,0
2025-09-20 14:39:00,SH001N0099_ACSR000003,6,2.300415e-05,2.300415e-05,0,0
2025-09-20 14:39:00,SH001N0099_ACSR000003,7,2.300415e-05,2.300415e-05,0,0
2025-09-20 14:39:00,SH001N0099_ACSR000003,8,2.300415e-05,2.300415e-05,0,0
2025-09-20 14:39:00,SH001N0099_ACSR000003,9,2.300415e-05,2.300415e-05,0,0
2025-09-20 14:39:00,SH001N0099_ACSR000004,1,0.00015284696,8.4523715e-05,0,1
2025-09-20 14:39:00,SH001N0099_ACSR000004,2,0.000466734,0.0005404493,1,1
2025-09-20 14:39:00,SH001N0099_ACSR000004,3,2.300415e-05,2.300415e-05,0,1
2025-09-20 14:39:00,SH001N0099_ACSR000004,4,2.300415e-05,2.300415e-05,0,1
2025-09-20 14:39:00,SH001N0099_ACSR000004,5,2.300415e-05,2.300415e-05,0,1
2025-09-20 14:39:00,SH001N0099_ACSR000004,6,2.300415e-05,2.300415e-05,0,1
2025-09-20 14:39:00,SH001N0099_ACSR000004,7,2.300415e-05,2.300415e-05,0,1
2025-09-20 14:39:00,SH001N0099_ACSR000004,8,2.300415e-05,2.300415e-05,0,1
2025-09-20 14:39:00,SH001N0099_ACSR000004,9,2.300415e-05,2.300415e-05,0,1
2025-09-20 14:39:00,SH001N0100_ACSR000001,1,0.0022470762,0.00034400608,0,0
2025-09-20 14:39:00,SH001N0100_ACSR000001,2,3.7471902e-05,3.7471902e-05,0,0
2025-09-20 14:39:00,SH001N0100_ACSR000001,3,2.300415e-05,2.300415e-05,0,0
2025-09-20 14:39:00,SH001N0100_ACSR000001,4,2.300415e-05,2.300415e-05,0,0
2025-09-20 14:39:00,SH001N0100_ACSR000001,5,2.300415e-05,2.300415e-05,0,0
2025-09-20 14:39:00,SH001N0100_ACSR000001,6,2.300415e-05,2.300415e-05,0,0
2025-09-20 14:39:00,SH001N0100_ACSR000001,7,2.300415e-05,2.300415e-05,0,0
2025-09-20 14:39:00,SH001N0100_ACSR000001,8,2.300415e-05,2.300415e-05,0,0
2025-09-20 14:39:00,SH001N0100_ACSR000001,9,2.300415e-05,2.300415e-05,0,0
2025-09-20 14:39:00,SH001N0100_ACSR000002,1,0.0004496771,0.00013370579,0,0
2025-09-20 14:39:00,SH001N0100_ACSR000002,2,252.26393,2.300415e-05,0,0
2025-09-20 14:39:00,SH001N0100_ACSR000002,3,2.300415e-05,2.300415e-05,0,0
2025-09-20 14:39:00,SH001N0100_ACSR000002,4,2.300415e-05,2.300415e-05,0,0
2025-09-20 14:39:00,SH001N0100_ACSR000002,5,2.300415e-05,2.300415e-05,0,0
2025-09-20 14:39:00,SH001N0100_ACSR000002,6,2.300415e-05,2.300415e-05,0,0
2025-09-20 14:39:00,SH001N0100_ACSR000002,7,2.300415e-05,2.300415e-05,0,0
2025-09-20 14:39:00,SH001N0100_ACSR000002,8,2.300415e-05,2.300415e-05,0,0
2025-09-20 14:39:00,SH001N0100_ACSR000002,9,2.300415e-05,2.300415e-05,0,0
2025-09-20 14:39:00,SH001N0101_ACSR000001,1,0.00032179116,0.00024339386,0,0
2025-09-20 14:39:00,SH001N0101_ACSR000001,2,0.00013904297,2.300415e-05,0,0
2025-09-20 14:39:00,SH001N0101_ACSR000001,3,2.300415e-05,2.300415e-05,0,0
2025-09-20 14:39:00,SH001N0101_ACSR000001,4,2.300415e-05,2.300415e-05,0,0
2025-09-20 14:39:00,SH001N0101_ACSR000001,5,2.300415e-05,2.300415e-05,0,0
2025-09-20 14:39:00,SH001N0101_ACSR000001,6,2.300415e-05,2.300415e-05,0,0
2025-09-20 14:39:00,SH001N0101_ACSR000001,7,2.300415e-05,2.300415e-05,0,0
2025-09-20 14:39:00,SH001N0101_ACSR000001,8,2.300415e-05,2.300415e-05,0,0
2025-09-20 14:39:00,SH001N0101_ACSR000001,9,2.300415e-05,2.300415e-05,0,0
2025-09-20 14:39:00,SH001N0101_ACSR000002,1,0.0016846505,8.6532025e-05,0,1
2025-09-20 14:39:00,SH001N0101_ACSR000002,2,0.00035785697,0.00040656095,1,1
2025-09-20 14:39:00,SH001N0101_ACSR000002,3,2.300415e-05,2.300415e-05,0,1
2025-09-20 14:39:00,SH001N0101_ACSR000002,4,2.300415e-05,2.300415e-05,0,1
2025-09-20 14:39:00,SH001N0101_ACSR000002,5,2.300415e-05,2.300415e-05,0,1
2025-09-20 14:39:00,SH001N0101_ACSR000002,6,2.300415e-05,2.300415e-05,0,1
2025-09-20 14:39:00,SH001N0101_ACSR000002,7,2.300415e-05,2.300415e-05,0,1
2025-09-20 14:39:00,SH001N0101_ACSR000002,8,2.300415e-05,2.300415e-05,0,1
2025-09-20 14:39:00,SH001N0101_ACSR000002,9,2.300415e-05,2.300415e-05,0,1
2025-09-20 14:39:00,SH001N0101_ACSR000003,1,0.00021846332,0.00044256196,1,1
2025-09-20 14:39:00,SH001N0101_ACSR000003,2,0.00029029668,0.00027832008,0,1
2025-09-20 14:39:00,SH001N0101_ACSR000003,3,2.300415e-05,2.300415e-05,0,1
2025-09-20 14:39:00,SH001N0101_ACSR000003,4,2.300415e-05,2.300415e-05,0,1
2025-09-20 14:39:00,SH001N0101_ACSR000003,5,2.300415e-05,2.300415e-05,0,1
2025-09-20 14:39:00,SH001N0101_ACSR000003,6,2.300415e-05,2.300415e-05,0,1
2025-09-20 14:39:00,SH001N0101_ACSR000003,7,2.300415e-05,2.300415e-05,0,1
2025-09-20 14:39:00,SH001N0101_ACSR000003,8,2.300415e-05,2.300415e-05,0,1
2025-09-20 14:39:00,SH001N0101_ACSR000003,9,2.300415e-05,2.300415e-05,0,1
2025-09-20 14:39:00,SH001N0101_ACSR000004,1,0.00026055807,2.110683e-05,0,0
2025-09-20 14:39:00,SH001N0101_ACSR000004,2,0.0006037315,0.0003015456,0,0
2025-09-20 14:39:00,SH001N0101_ACSR000004,3,2.300415e-05,2.300415e-05,0,0
2025-09-20 14:39:00,SH001N0101_ACSR000004,4,2.300415e-05,2.300415e-05,0,0
2025-09-20 14:39:00,SH001N0101_ACSR000004,5,2.300415e-05,2.300415e-05,0,0
2025-09-20 14:39:00,SH001N0101_ACSR000004,6,2.300415e-05,2.300415e-05,0,0
2025-09-20 14:39:00,SH001N0101_ACSR000004,7,2.300415e-05,2.300415e-05,0,0
2025-09-20 14:39:00,SH001N0101_ACSR000004,8,2.300415e-05,2.300415e-05,0,0
2025-09-20 14:39:00,SH001N0101_ACSR000004,9,2.300415e-05,2.300415e-05,0,0
2025-09-20 14:39:00,SH001N0102_ACSR000001,1,0.0012099978,5.821526e-05,0,0
2025-09-20 14:39:00,SH001N0102_ACSR000001,2,0.0015021251,0.00015381999,0,0
2025-09-20 14:39:00,SH001N0102_ACSR000001,3,0.0023710704,0.00017627412,0,0
2025-09-20 14:39:00,SH001N0102_ACSR000001,4,2.300415e-05,2.300415e-05,0,0
2025-09-20 14:39:00,SH001N0102_ACSR000001,5,2.300415e-05,2.300415e-05,0,0
2025-09-20 14:39:00,SH001N0102_ACSR000001,6,2.300415e-05,2.300415e-05,0,0
2025-09-20 14:39:00,SH001N0102_ACSR000001,7,2.300415e-05,2.300415e-05,0,0
2025-09-20 14:39:00,SH001N0102_ACSR000001,8,2.300415e-05,2.300415e-05,0,0
2025-09-20 14:39:00,SH001N0102_ACSR000001,9,2.300415e-05,2.300415e-05,0,0
2025-09-20 14:39:00,SH001N0102_ACSR000002,1,0.00083744404,0.00015732128,0,0
2025-09-20 14:39:00,SH001N0102_ACSR000002,2,0.00043433148,0.0001926958,0,0
2025-09-20 14:39:00,SH001N0102_ACSR000002,3,0.0010171741,0.00015618336,0,0
2025-09-20 14:39:00,SH001N0102_ACSR000002,4,2.300415e-05,2.300415e-05,0,0
2025-09-20 14:39:00,SH001N0102_ACSR000002,5,2.300415e-05,2.300415e-05,0,0
2025-09-20 14:39:00,SH001N0102_ACSR000002,6,2.300415e-05,2.300415e-05,0,0
2025-09-20 14:39:00,SH001N0102_ACSR000002,7,2.300415e-05,2.300415e-05,0,0
2025-09-20 14:39:00,SH001N0102_ACSR000002,8,2.300415e-05,2.300415e-05,0,0
2025-09-20 14:39:00,SH001N0102_ACSR000002,9,2.300415e-05,2.300415e-05,0,0
2025-09-20 14:39:00,SH001N0102_ACSR000003,1,0.0002716583,0.00024834156,0,0
2025-09-20 14:39:00,SH001N0102_ACSR000003,2,9.008597e-05,6.2599516e-05,0,0
2025-09-20 14:39:00,SH001N0102_ACSR000003,3,2.300415e-05,2.300415e-05,0,0
2025-09-20 14:39:00,SH001N0102_ACSR000003,4,2.300415e-05,2.300415e-05,0,0
2025-09-20 14:39:00,SH001N0102_ACSR000003,5,2.300415e-05,2.300415e-05,0,0
2025-09-20 14:39:00,SH001N0102_ACSR000003,6,2.300415e-05,2.300415e-05,0,0
2025-09-20 14:39:00,SH001N0102_ACSR000003,7,2.300415e-05,2.300415e-05,0,0
2025-09-20 14:39:00,SH001N0102_ACSR000003,8,2.300415e-05,2.300415e-05,0,0
2025-09-20 14:39:00,SH001N0102_ACSR000003,9,2.300415e-05,2.300415e-05,0,0
2025-09-20 14:39:00,SH001N0103_ACSR000001,1,0.0005031861,0.00027118638,0,0
2025-09-20 14:39:00,SH001N0103_ACSR000001,2,0.0024941275,6.095158e-05,0,0
2025-09-20 14:39:00,SH001N0103_ACSR000001,3,0.00037513094,9.981789e-05,0,0
2025-09-20 14:39:00,SH001N0103_ACSR000001,4,2.300415e-05,2.300415e-05,0,0
2025-09-20 14:39:00,SH001N0103_ACSR000001,5,2.300415e-05,2.300415e-05,0,0
2025-09-20 14:39:00,SH001N0103_ACSR000001,6,2.300415e-05,2.300415e-05,0,0
2025-09-20 14:39:00,SH001N0103_ACSR000001,7,2.300415e-05,2.300415e-05,0,0
2025-09-20 14:39:00,SH001N0103_ACSR000001,8,2.300415e-05,2.300415e-05,0,0
2025-09-20 14:39:00,SH001N0103_ACSR000001,9,2.300415e-05,2.300415e-05,0,0
2025-09-20 14:39:00,SH001N0103_ACSR000002,1,0.0016854551,5.6216842e-05,0,0
2025-09-20 14:39:00,SH001N0103_ACSR000002,2,0.00064721226,0.00010378572,0,0
2025-09-20 14:39:00,SH001N0103_ACSR000002,3,0.00013005223,7.152304e-05,0,0
2025-09-20 14:39:00,SH001N0103_ACSR000002,4,3.7471902e-05,3.7471902e-05,0,0
2025-09-20 14:39:00,SH001N0103_ACSR000002,5,2.300415e-05,2.300415e-05,0,0
2025-09-20 14:39:00,SH001N0103_ACSR000002,6,2.300415e-05,2.300415e-05,0,0
2025-09-20 14:39:00,SH001N0103_ACSR000002,7,2.300415e-05,2.300415e-05,0,0
2025-09-20 14:39:00,SH001N0103_ACSR000002,8,2.300415e-05,2.300415e-05,0,0
2025-09-20 14:39:00,SH001N0103_ACSR000002,9,2.300415e-05,2.300415e-05,0,0
2025-09-20 14:39:00,SH001N0104_ACSR000001,1,0.0005051982,0.000176049,0,1
2025-09-20 14:39:00,SH001N0104_ACSR000001,2,0.00017848123,0.00020238342,1,1
2025-09-20 14:39:00,SH001N0104_ACSR000001,3,0.0015124024,3.855777e-05,0,1
2025-09-20 14:39:00,SH001N0104_ACSR000001,4,0.0004997155,0.00011146433,0,1
2025-09-20 14:39:00,SH001N0104_ACSR000001,5,2.300415e-05,2.300415e-05,0,1
2025-09-20 14:39:00,SH001N0104_ACSR000001,6,2.300415e-05,2.300415e-05,0,1
2025-09-20 14:39:00,SH001N0104_ACSR000001,7,2.300415e-05,2.300415e-05,0,1
2025-09-20 14:39:00,SH001N0104_ACSR000001,8,2.300415e-05,2.300415e-05,0,1
2025-09-20 14:39:00,SH001N0104_ACSR000001,9,2.300415e-05,2.300415e-05,0,1
2025-09-20 14:39:00,SH001N0104_ACSR000002,1,0.00015783015,8.0867314e-05,0,1
2025-09-20 14:39:00,SH001N0104_ACSR000002,2,0.00018875672,6.610634e-05,0,1
2025-09-20 14:39:00,SH001N0104_ACSR000002,3,0.0004269307,3.5513323e-05,0,1
2025-09-20 14:39:00,SH001N0104_ACSR000002,4,0.0005419558,0.0017030651,1,1
2025-09-20 14:39:00,SH001N0104_ACSR000002,5,2.300415e-05,2.300415e-05,0,1
2025-09-20 14:39:00,SH001N0104_ACSR000002,6,2.300415e-05,2.300415e-05,0,1
2025-09-20 14:39:00,SH001N0104_ACSR000002,7,2.300415e-05,2.300415e-05,0,1
2025-09-20 14:39:00,SH001N0104_ACSR000002,8,2.300415e-05,2.300415e-05,0,1
2025-09-20 14:39:00,SH001N0104_ACSR000002,9,2.300415e-05,2.300415e-05,0,1
2025-09-20 14:39:00,SH001N0104_ACSR000003,1,0.004449274,0.00014210293,0,0
2025-09-20 14:39:00,SH001N0104_ACSR000003,2,0.00029357334,0.00023667904,0,0
2025-09-20 14:39:00,SH001N0104_ACSR000003,3,0.0056941803,0.00041804128,0,0
2025-09-20 14:39:00,SH001N0104_ACSR000003,4,0.0002288214,4.709476e-05,0,0
2025-09-20 14:39:00,SH001N0104_ACSR000003,5,2.300415e-05,2.300415e-05,0,0
2025-09-20 14:39:00,SH001N0104_ACSR000003,6,2.300415e-05,2.300415e-05,0,0
2025-09-20 14:39:00,SH001N0104_ACSR000003,7,2.300415e-05,2.300415e-05,0,0
2025-09-20 14:39:00,SH001N0104_ACSR000003,8,2.300415e-05,2.300415e-05,0,0
2025-09-20 14:39:00,SH001N0104_ACSR000003,9,2.300415e-05,2.300415e-05,0,0
2025-09-20 14:39:00,SH001N0104_ACSR000004,1,0.00027284966,0.00010060091,0,1
2025-09-20 14:39:00,SH001N0104_ACSR000004,2,0.00015182796,0.00023461826,1,1
2025-09-20 14:39:00,SH001N0104_ACSR000004,3,0.00024571927,9.0184934e-05,0,1
2025-09-20 14:39:00,SH001N0104_ACSR000004,4,2.300415e-05,2.300415e-05,0,1
2025-09-20 14:39:00,SH001N0104_ACSR000004,5,2.300415e-05,2.300415e-05,0,1
2025-09-20 14:39:00,SH001N0104_ACSR000004,6,2.300415e-05,2.300415e-05,0,1
2025-09-20 14:39:00,SH001N0104_ACSR000004,7,2.300415e-05,2.300415e-05,0,1
2025-09-20 14:39:00,SH001N0104_ACSR000004,8,2.300415e-05,2.300415e-05,0,1
2025-09-20 14:39:00,SH001N0104_ACSR000004,9,2.300415e-05,2.300415e-05,0,1
2025-09-20 14:39:00,SH001N0106_ACSR000001,1,0.000732728,0.0020011852,1,1
2025-09-20 14:39:00,SH001N0106_ACSR000001,2,0.0005218144,4.5117995e-05,0,1
2025-09-20 14:39:00,SH001N0106_ACSR000001,3,2.300415e-05,2.300415e-05,0,1
2025-09-20 14:39:00,SH001N0106_ACSR000001,4,2.300415e-05,2.300415e-05,0,1
2025-09-20 14:39:00,SH001N0106_ACSR000001,5,2.300415e-05,2.300415e-05,0,1
2025-09-20 14:39:00,SH001N0106_ACSR000001,6,2.300415e-05,2.300415e-05,0,1
2025-09-20 14:39:00,SH001N0106_ACSR000001,7,2.300415e-05,2.300415e-05,0,1
2025-09-20 14:39:00,SH001N0106_ACSR000001,8,2.300415e-05,2.300415e-05,0,1
2025-09-20 14:39:00,SH001N0106_ACSR000001,9,2.300415e-05,2.300415e-05,0,1
2025-09-20 14:39:00,SH001N0106_ACSR000002,1,0.0016850258,4.4347347e-05,0,0
2025-09-20 14:39:00,SH001N0106_ACSR000002,2,0.0004840564,0.00018349665,0,0
2025-09-20 14:39:00,SH001N0106_ACSR000002,3,0.00046392108,0.00021199213,0,0
2025-09-20 14:39:00,SH001N0106_ACSR000002,4,2.9634182e-05,2.9634182e-05,0,0
2025-09-20 14:39:00,SH001N0106_ACSR000002,5,2.300415e-05,2.300415e-05,0,0
2025-09-20 14:39:00,SH001N0106_ACSR000002,6,2.300415e-05,2.300415e-05,0,0
2025-09-20 14:39:00,SH001N0106_ACSR000002,7,2.300415e-05,2.300415e-05,0,0
2025-09-20 14:39:00,SH001N0106_ACSR000002,8,2.300415e-05,2.300415e-05,0,0
2025-09-20 14:39:00,SH001N0106_ACSR000002,9,2.300415e-05,2.300415e-05,0,0
2025-09-20 14:39:00,SH001N0106_ACSR000003,1,0.0005995957,0.00018441977,0,1
2025-09-20 14:39:00,SH001N0106_ACSR000003,2,0.00022106388,0.00020206865,0,1
2025-09-20 14:39:00,SH001N0106_ACSR000003,3,0.00014114773,0.00041994904,1,1
2025-09-20 14:39:00,SH001N0106_ACSR000003,4,37.405903,2.300415e-05,0,1
2025-09-20 14:39:00,SH001N0106_ACSR000003,5,2.300415e-05,2.300415e-05,0,1
2025-09-20 14:39:00,SH001N0106_ACSR000003,6,2.300415e-05,2.300415e-05,0,1
2025-09-20 14:39:00,SH001N0106_ACSR000003,7,2.300415e-05,2.300415e-05,0,1
2025-09-20 14:39:00,SH001N0106_ACSR000003,8,2.300415e-05,2.300415e-05,0,1
2025-09-20 14:39:00,SH001N0106_ACSR000003,9,2.300415e-05,2.300415e-05,0,1
2025-09-20 14:39:00,SH001N0107_ACSR000001,1,0.00010405499,8.7961664e-05,0,0
2025-09-20 14:39:00,SH001N0107_ACSR000001,2,0.0002492837,0.00015400145,0,0
2025-09-20 14:39:00,SH001N0107_ACSR000001,3,2.300415e-05,2.300415e-05,0,0
2025-09-20 14:39:00,SH001N0107_ACSR000001,4,0.00037118333,0.0002160243,0,0
2025-09-20 14:39:00,SH001N0107_ACSR000001,5,2.300415e-05,2.300415e-05,0,0
2025-09-20 14:39:00,SH001N0107_ACSR000001,6,2.300415e-05,2.300415e-05,0,0
2025-09-20 14:39:00,SH001N0107_ACSR000001,7,2.300415e-05,2.300415e-05,0,0
2025-09-20 14:39:00,SH001N0107_ACSR000001,8,2.300415e-05,2.300415e-05,0,0
2025-09-20 14:39:00,SH001N0107_ACSR000001,9,2.300415e-05,2.300415e-05,0,0
2025-09-20 14:39:00,SH001N0107_ACSR000002,1,0.0002998562,8.27355e-05,0,0
2025-09-20 14:39:00,SH001N0107_ACSR000002,2,0.00042386475,3.669911e-05,0,0
2025-09-20 14:39:00,SH001N0107_ACSR000002,3,2.300415e-05,2.300415e-05,0,0
2025-09-20 14:39:00,SH001N0107_ACSR000002,4,2.300415e-05,2.300415e-05,0,0
2025-09-20 14:39:00,SH001N0107_ACSR000002,5,2.300415e-05,2.300415e-05,0,0
2025-09-20 14:39:00,SH001N0107_ACSR000002,6,2.300415e-05,2.300415e-05,0,0
2025-09-20 14:39:00,SH001N0107_ACSR000002,7,2.300415e-05,2.300415e-05,0,0
2025-09-20 14:39:00,SH001N0107_ACSR000002,8,2.300415e-05,2.300415e-05,0,0
2025-09-20 14:39:00,SH001N0107_ACSR000002,9,2.300415e-05,2.300415e-05,0,0
2025-09-20 14:39:00,SH001N0107_ACSR000003,1,0.00017265357,4.9894e-05,0,1
2025-09-20 14:39:00,SH001N0107_ACSR000003,2,0.00011993641,8.488267e-05,0,1
2025-09-20 14:39:00,SH001N0107_ACSR000003,3,0.00013505989,0.0011056181,1,1
2025-09-20 14:39:00,SH001N0107_ACSR000003,4,0.0005514706,3.08279e-05,0,1
2025-09-20 14:39:00,SH001N0107_ACSR000003,5,2.300415e-05,2.300415e-05,0,1
2025-09-20 14:39:00,SH001N0107_ACSR000003,6,2.300415e-05,2.300415e-05,0,1
2025-09-20 14:39:00,SH001N0107_ACSR000003,7,2.300415e-05,2.300415e-05,0,1
2025-09-20 14:39:00,SH001N0107_ACSR000003,8,2.300415e-05,2.300415e-05,0,1
2025-09-20 14:39:00,SH001N0107_ACSR000003,9,2.300415e-05,2.300415e-05,0,1
2025-09-20 14:39:00,SH001N0108_ACSR000001,1,0.00019147055,0.00019700825,1,1
2025-09-20 14:39:00,SH001N0108_ACSR000001,2,0.0009349703,0.00094781246,1,1
2025-09-20 14:39:00,SH001N0108_ACSR000001,3,2.300415e-05,2.300415e-05,0,1
2025-09-20 14:39:00,SH001N0108_ACSR000001,4,2.300415e-05,2.300415e-05,0,1
2025-09-20 14:39:00,SH001N0108_ACSR000001,5,2.300415e-05,2.300415e-05,0,1
2025-09-20 14:39:00,SH001N0108_ACSR000001,6,2.300415e-05,2.300415e-05,0,1
2025-09-20 14:39:00,SH001N0108_ACSR000001,7,2.300415e-05,2.300415e-05,0,1
2025-09-20 14:39:00,SH001N0108_ACSR000001,8,2.300415e-05,2.300415e-05,0,1
2025-09-20 14:39:00,SH001N0108_ACSR000001,9,2.300415e-05,2.300415e-05,0,1
2025-09-20 14:39:00,SH001N0108_ACSR000002,1,0.00050715957,0.00017845754,0,0
2025-09-20 14:39:00,SH001N0108_ACSR000002,2,0.002184169,0.00020098661,0,0
2025-09-20 14:39:00,SH001N0108_ACSR000002,3,2.300415e-05,2.300415e-05,0,0
2025-09-20 14:39:00,SH001N0108_ACSR000002,4,2.300415e-05,2.300415e-05,0,0
2025-09-20 14:39:00,SH001N0108_ACSR000002,5,2.300415e-05,2.300415e-05,0,0
2025-09-20 14:39:00,SH001N0108_ACSR000002,6,2.300415e-05,2.300415e-05,0,0
2025-09-20 14:39:00,SH001N0108_ACSR000002,7,2.300415e-05,2.300415e-05,0,0
2025-09-20 14:39:00,SH001N0108_ACSR000002,8,2.300415e-05,2.300415e-05,0,0
2025-09-20 14:39:00,SH001N0108_ACSR000002,9,2.300415e-05,2.300415e-05,0,0
2025-09-20 14:39:00,SH001N0108_ACSR000003,1,0.00050310313,0.00041198972,0,0
2025-09-20 14:39:00,SH001N0108_ACSR000003,2,2.300415e-05,2.300415e-05,0,0
2025-09-20 14:39:00,SH001N0108_ACSR000003,3,2.300415e-05,2.300415e-05,0,0
2025-09-20 14:39:00,SH001N0108_ACSR000003,4,2.300415e-05,2.300415e-05,0,0
2025-09-20 14:39:00,SH001N0108_ACSR000003,5,2.300415e-05,2.300415e-05,0,0
2025-09-20 14:39:00,SH001N0108_ACSR000003,6,2.300415e-05,2.300415e-05,0,0
2025-09-20 14:39:00,SH001N0108_ACSR000003,7,2.300415e-05,2.300415e-05,0,0
2025-09-20 14:39:00,SH001N0108_ACSR000003,8,2.300415e-05,2.300415e-05,0,0
2025-09-20 14:39:00,SH001N0108_ACSR000003,9,2.300415e-05,2.300415e-05,0,0
2025-09-20 14:39:00,SH001N0108_ACSR000004,1,0.00029020474,0.00015681572,0,0
2025-09-20 14:39:00,SH001N0108_ACSR000004,2,0.00060655666,5.524237e-05,0,0
2025-09-20 14:39:00,SH001N0108_ACSR000004,3,2.300415e-05,2.300415e-05,0,0
2025-09-20 14:39:00,SH001N0108_ACSR000004,4,2.300415e-05,2.300415e-05,0,0
2025-09-20 14:39:00,SH001N0108_ACSR000004,5,2.300415e-05,2.300415e-05,0,0
2025-09-20 14:39:00,SH001N0108_ACSR000004,6,2.300415e-05,2.300415e-05,0,0
2025-09-20 14:39:00,SH001N0108_ACSR000004,7,2.300415e-05,2.300415e-05,0,0
2025-09-20 14:39:00,SH001N0108_ACSR000004,8,2.300415e-05,2.300415e-05,0,0
2025-09-20 14:39:00,SH001N0108_ACSR000004,9,2.300415e-05,2.300415e-05,0,0
2025-09-20 14:39:00,SH001N0109_ACSR000002,1,0.00082629046,0.00033370586,0,1
2025-09-20 14:39:00,SH001N0109_ACSR000002,2,0.00026476392,0.0007626084,1,1
2025-09-20 14:39:00,SH001N0109_ACSR000002,3,0.00015329888,4.2315303e-05,0,1
2025-09-20 14:39:00,SH001N0109_ACSR000002,4,2.300415e-05,2.300415e-05,0,1
2025-09-20 14:39:00,SH001N0109_ACSR000002,5,2.300415e-05,2.300415e-05,0,1
2025-09-20 14:39:00,SH001N0109_ACSR000002,6,2.300415e-05,2.300415e-05,0,1
2025-09-20 14:39:00,SH001N0109_ACSR000002,7,2.300415e-05,2.300415e-05,0,1
2025-09-20 14:39:00,SH001N0109_ACSR000002,8,2.300415e-05,2.300415e-05,0,1
2025-09-20 14:39:00,SH001N0109_ACSR000002,9,2.300415e-05,2.300415e-05,0,1
2025-09-20 14:39:00,SH001N0109_ACSR000003,1,0.0011088928,7.775357e-05,0,0
2025-09-20 14:39:00,SH001N0109_ACSR000003,2,0.0011017516,0.00014977924,0,0
2025-09-20 14:39:00,SH001N0109_ACSR000003,3,0.124236256,0.0008183156,0,0
2025-09-20 14:39:00,SH001N0109_ACSR000003,4,0.0005140752,0.0004289365,0,0
2025-09-20 14:39:00,SH001N0109_ACSR000003,5,2.300415e-05,2.300415e-05,0,0
2025-09-20 14:39:00,SH001N0109_ACSR000003,6,2.300415e-05,2.300415e-05,0,0
2025-09-20 14:39:00,SH001N0109_ACSR000003,7,2.300415e-05,2.300415e-05,0,0
2025-09-20 14:39:00,SH001N0109_ACSR000003,8,2.300415e-05,2.300415e-05,0,0
2025-09-20 14:39:00,SH001N0109_ACSR000003,9,2.300415e-05,2.300415e-05,0,0
2025-09-20 14:39:00,SH001N0110_ACSR000001,1,0.00081550586,4.056147e-05,0,0
2025-09-20 14:39:00,SH001N0110_ACSR000001,2,0.001131335,0.0006099528,0,0
2025-09-20 14:39:00,SH001N0110_ACSR000001,3,0.0003544293,0.0001284486,0,0
2025-09-20 14:39:00,SH001N0110_ACSR000001,4,2.300415e-05,2.300415e-05,0,0
2025-09-20 14:39:00,SH001N0110_ACSR000001,5,2.300415e-05,2.300415e-05,0,0
2025-09-20 14:39:00,SH001N0110_ACSR000001,6,2.300415e-05,2.300415e-05,0,0
2025-09-20 14:39:00,SH001N0110_ACSR000001,7,2.300415e-05,2.300415e-05,0,0
2025-09-20 14:39:00,SH001N0110_ACSR000001,8,2.300415e-05,2.300415e-05,0,0
2025-09-20 14:39:00,SH001N0110_ACSR000001,9,2.300415e-05,2.300415e-05,0,0
2025-09-20 14:39:00,SH001N0110_ACSR000002,1,0.00062313775,3.685944e-05,0,1
2025-09-20 14:39:00,SH001N0110_ACSR000002,2,0.0040150313,0.0020943729,0,1
2025-09-20 14:39:00,SH001N0110_ACSR000002,3,9.989926e-05,0.00012802113,1,1
2025-09-20 14:39:00,SH001N0110_ACSR000002,4,0.00064143055,0.000399496,0,1
2025-09-20 14:39:00,SH001N0110_ACSR000002,5,2.300415e-05,2.300415e-05,0,1
2025-09-20 14:39:00,SH001N0110_ACSR000002,6,2.300415e-05,2.300415e-05,0,1
2025-09-20 14:39:00,SH001N0110_ACSR000002,7,2.300415e-05,2.300415e-05,0,1
2025-09-20 14:39:00,SH001N0110_ACSR000002,8,2.300415e-05,2.300415e-05,0,1
2025-09-20 14:39:00,SH001N0110_ACSR000002,9,2.300415e-05,2.300415e-05,0,1
2025-09-20 14:39:00,SH001N0110_ACSR000003,1,4.2720247e-05,4.2720247e-05,0,0
2025-09-20 14:39:00,SH001N0110_ACSR000003,2,0.000396053,9.759282e-05,0,0
2025-09-20 14:39:00,SH001N0110_ACSR000003,3,0.00012888605,0.00012408482,0,0
2025-09-20 14:39:00,SH001N0110_ACSR000003,4,2.300415e-05,2.300415e-05,0,0
2025-09-20 14:39:00,SH001N0110_ACSR000003,5,2.300415e-05,2.300415e-05,0,0
2025-09-20 14:39:00,SH001N0110_ACSR000003,6,2.300415e-05,2.300415e-05,0,0
2025-09-20 14:39:00,SH001N0110_ACSR000003,7,2.300415e-05,2.300415e-05,0,0
2025-09-20 14:39:00,SH001N0110_ACSR000003,8,2.300415e-05,2.300415e-05,0,0
2025-09-20 14:39:00,SH001N0110_ACSR000003,9,2.300415e-05,2.300415e-05,0,0
2025-09-20 14:39:00,SH001N0111_ACSR000001,1,0.0001849181,9.912317e-05,0,0
2025-09-20 14:39:00,SH001N0111_ACSR000001,2,5.251343e-05,5.251343e-05,0,0
2025-09-20 14:39:00,SH001N0111_ACSR000001,3,2.300415e-05,2.300415e-05,0,0
2025-09-20 14:39:00,SH001N0111_ACSR000001,4,2.300415e-05,2.300415e-05,0,0
2025-09-20 14:39:00,SH001N0111_ACSR000001,5,2.300415e-05,2.300415e-05,0,0
2025-09-20 14:39:00,SH001N0111_ACSR000001,6,2.300415e-05,2.300415e-05,0,0
2025-09-20 14:39:00,SH001N0111_ACSR000001,7,2.300415e-05,2.300415e-05,0,0
2025-09-20 14:39:00,SH001N0111_ACSR000001,8,2.300415e-05,2.300415e-05,0,0
2025-09-20 14:39:00,SH001N0111_ACSR000001,9,2.300415e-05,2.300415e-05,0,0
2025-09-20 14:39:00,SH001N0111_ACSR000002,1,0.0020190913,0.00029252825,0,1
2025-09-20 14:39:00,SH001N0111_ACSR000002,2,0.0046787392,0.00031370387,0,1
2025-09-20 14:39:00,SH001N0111_ACSR000002,3,0.0041019884,0.0002434172,0,1
2025-09-20 14:39:00,SH001N0111_ACSR000002,4,5.6371176e-05,0.0006122404,1,1
2025-09-20 14:39:00,SH001N0111_ACSR000002,5,2.300415e-05,2.300415e-05,0,1
2025-09-20 14:39:00,SH001N0111_ACSR000002,6,2.300415e-05,2.300415e-05,0,1
2025-09-20 14:39:00,SH001N0111_ACSR000002,7,2.300415e-05,2.300415e-05,0,1
2025-09-20 14:39:00,SH001N0111_ACSR000002,8,2.300415e-05,2.300415e-05,0,1
2025-09-20 14:39:00,SH001N0111_ACSR000002,9,2.300415e-05,2.300415e-05,0,1
2025-09-20 14:39:00,SH001N0111_ACSR000003,1,0.00033247677,0.00017508672,0,1
2025-09-20 14:39:00,SH001N0111_ACSR000003,2,0.00019355424,0.00024091144,1,1
2025-09-20 14:39:00,SH001N0111_ACSR000003,3,2.300415e-05,2.300415e-05,0,1
2025-09-20 14:39:00,SH001N0111_ACSR000003,4,2.300415e-05,2.300415e-05,0,1
2025-09-20 14:39:00,SH001N0111_ACSR000003,5,2.300415e-05,2.300415e-05,0,1
2025-09-20 14:39:00,SH001N0111_ACSR000003,6,2.300415e-05,2.300415e-05,0,1
2025-09-20 14:39:00,SH001N0111_ACSR000003,7,2.300415e-05,2.300415e-05,0,1
2025-09-20 14:39:00,SH001N0111_ACSR000003,8,2.300415e-05,2.300415e-05,0,1
2025-09-20 14:39:00,SH001N0111_ACSR000003,9,2.300415e-05,2.300415e-05,0,1
2025-09-20 14:39:00,SH001N0111_ACSR000004,1,0.00038942465,0.0001327777,0,0
2025-09-20 14:39:00,SH001N0111_ACSR000004,2,0.0012301633,0.0002514542,0,0
2025-09-20 14:39:00,SH001N0111_ACSR000004,3,0.00013907668,1.4485582e-05,0,0
2025-09-20 14:39:00,SH001N0111_ACSR000004,4,0.00059468165,7.021292e-05,0,0
2025-09-20 14:39:00,SH001N0111_ACSR000004,5,2.300415e-05,2.300415e-05,0,0
2025-09-20 14:39:00,SH001N0111_ACSR000004,6,2.300415e-05,2.300415e-05,0,0
2025-09-20 14:39:00,SH001N0111_ACSR000004,7,2.300415e-05,2.300415e-05,0,0
2025-09-20 14:39:00,SH001N0111_ACSR000004,8,2.300415e-05,2.300415e-05,0,0
2025-09-20 14:39:00,SH001N0111_ACSR000004,9,2.300415e-05,2.300415e-05,0,0
2025-09-20 14:39:00,SH001N0112_ACSR000001,1,0.0030685754,3.7471902e-05,0,1
2025-09-20 14:39:00,SH001N0112_ACSR000001,2,0.00014871116,0.00028923218,1,1
2025-09-20 14:39:00,SH001N0112_ACSR000001,3,0.00035122325,0.00019448147,0,1
2025-09-20 14:39:00,SH001N0112_ACSR000001,4,0.0002927773,0.00024457,0,1
2025-09-20 14:39:00,SH001N0112_ACSR000001,5,0.00033010112,0.00014687545,0,1
2025-09-20 14:39:00,SH001N0112_ACSR000001,6,2.300415e-05,2.300415e-05,0,1
2025-09-20 14:39:00,SH001N0112_ACSR000001,7,2.300415e-05,2.300415e-05,0,1
2025-09-20 14:39:00,SH001N0112_ACSR000001,8,2.300415e-05,2.300415e-05,0,1
2025-09-20 14:39:00,SH001N0112_ACSR000001,9,2.300415e-05,2.300415e-05,0,1
2025-09-20 14:39:00,SH001N0112_ACSR000002,1,0.0005773656,0.00021643675,0,1
2025-09-20 14:39:00,SH001N0112_ACSR000002,2,0.00014816233,0.00021896488,1,1
2025-09-20 14:39:00,SH001N0112_ACSR000002,3,0.0017098294,0.0002775265,0,1
2025-09-20 14:39:00,SH001N0112_ACSR000002,4,2.300415e-05,2.300415e-05,0,1
2025-09-20 14:39:00,SH001N0112_ACSR000002,5,2.300415e-05,2.300415e-05,0,1
2025-09-20 14:39:00,SH001N0112_ACSR000002,6,2.300415e-05,2.300415e-05,0,1
2025-09-20 14:39:00,SH001N0112_ACSR000002,7,2.300415e-05,2.300415e-05,0,1
2025-09-20 14:39:00,SH001N0112_ACSR000002,8,2.300415e-05,2.300415e-05,0,1
2025-09-20 14:39:00,SH001N0112_ACSR000002,9,2.300415e-05,2.300415e-05,0,1
2025-09-20 14:39:00,SH001N0112_ACSR000003,1,0.0003343461,8.063507e-05,0,1
2025-09-20 14:39:00,SH001N0112_ACSR000003,2,0.0006503307,0.00017517769,0,1
2025-09-20 14:39:00,SH001N0112_ACSR000003,3,0.0009021701,0.001202476,1,1
2025-09-20 14:39:00,SH001N0112_ACSR000003,4,0.00022260769,0.00016045413,0,1
2025-09-20 14:39:00,SH001N0112_ACSR000003,5,2.300415e-05,2.300415e-05,0,1
2025-09-20 14:39:00,SH001N0112_ACSR000003,6,2.300415e-05,2.300415e-05,0,1
2025-09-20 14:39:00,SH001N0112_ACSR000003,7,2.300415e-05,2.300415e-05,0,1
2025-09-20 14:39:00,SH001N0112_ACSR000003,8,2.300415e-05,2.300415e-05,0,1
2025-09-20 14:39:00,SH001N0112_ACSR000003,9,2.300415e-05,2.300415e-05,0,1
2025-09-20 14:39:00,SH001N0112_ACSR000004,1,0.0002201922,7.082811e-05,0,0
2025-09-20 14:39:00,SH001N0112_ACSR000004,2,0.00019428921,7.356297e-05,0,0
2025-09-20 14:39:00,SH001N0112_ACSR000004,3,0.00015935443,5.6857898e-05,0,0
2025-09-20 14:39:00,SH001N0112_ACSR000004,4,0.0010077716,5.7258298e-05,0,0
2025-09-20 14:39:00,SH001N0112_ACSR000004,5,2.300415e-05,2.300415e-05,0,0
2025-09-20 14:39:00,SH001N0112_ACSR000004,6,2.300415e-05,2.300415e-05,0,0
2025-09-20 14:39:00,SH001N0112_ACSR000004,7,2.300415e-05,2.300415e-05,0,0
2025-09-20 14:39:00,SH001N0112_ACSR000004,8,2.300415e-05,2.300415e-05,0,0
2025-09-20 14:39:00,SH001N0112_ACSR000004,9,2.300415e-05,2.300415e-05,0,0
2025-09-20 14:39:00,SH009N0001_ACSR000001,1,9.271486e-05,0.0001410069,1,1
2025-09-20 14:39:00,SH009N0001_ACSR000001,2,0.0016302575,9.463551e-05,0,1
2025-09-20 14:39:00,SH009N0001_ACSR000001,3,0.0004260483,2.1309084e-05,0,1
2025-09-20 14:39:00,SH009N0001_ACSR000001,4,0.00028119984,8.216747e-05,0,1
2025-09-20 14:39:00,SH009N0001_ACSR000001,5,2.300415e-05,2.300415e-05,0,1
2025-09-20 14:39:00,SH009N0001_ACSR000001,6,2.300415e-05,2.300415e-05,0,1
2025-09-20 14:39:00,SH009N0001_ACSR000001,7,2.300415e-05,2.300415e-05,0,1
2025-09-20 14:39:00,SH009N0001_ACSR000001,8,2.300415e-05,2.300415e-05,0,1
2025-09-20 14:39:00,SH009N0001_ACSR000001,9,2.300415e-05,2.300415e-05,0,1
2025-09-20 14:39:00,SH009N0001_ACSR000002,1,0.0002765543,0.00019637936,0,1
2025-09-20 14:39:00,SH009N0001_ACSR000002,2,0.0003385261,0.97912663,1,1
2025-09-20 14:39:00,SH009N0001_ACSR000002,3,2.300415e-05,2.300415e-05,0,1
2025-09-20 14:39:00,SH009N0001_ACSR000002,4,2.300415e-05,2.300415e-05,0,1
2025-09-20 14:39:00,SH009N0001_ACSR000002,5,2.300415e-05,2.300415e-05,0,1
2025-09-20 14:39:00,SH009N0001_ACSR000002,6,2.300415e-05,2.300415e-05,0,1
2025-09-20 14:39:00,SH009N0001_ACSR000002,7,2.300415e-05,2.300415e-05,0,1
2025-09-20 14:39:00,SH009N0001_ACSR000002,8,2.300415e-05,2.300415e-05,0,1
2025-09-20 14:39:00,SH009N0001_ACSR000002,9,2.300415e-05,2.300415e-05,0,1
2025-09-20 14:39:00,SH009N0001_ACSR000003,1,3.7471902e-05,3.7471902e-05,0,0
2025-09-20 14:39:00,SH009N0001_ACSR000003,2,0.0007677901,0.00018261328,0,0
2025-09-20 14:39:00,SH009N0001_ACSR000003,3,0.0014739364,0.0002635385,0,0
2025-09-20 14:39:00,SH009N0001_ACSR000003,4,0.00023295051,0.00023204452,0,0
2025-09-20 14:39:00,SH009N0001_ACSR000003,5,2.300415e-05,2.300415e-05,0,0
2025-09-20 14:39:00,SH009N0001_ACSR000003,6,2.300415e-05,2.300415e-05,0,0
2025-09-20 14:39:00,SH009N0001_ACSR000003,7,2.300415e-05,2.300415e-05,0,0
2025-09-20 14:39:00,SH009N0001_ACSR000003,8,2.300415e-05,2.300415e-05,0,0
2025-09-20 14:39:00,SH009N0001_ACSR000003,9,2.300415e-05,2.300415e-05,0,0
2025-09-20 14:39:00,SH009N0002_ACSR000001,1,0.0015274922,6.84917e-05,0,0
2025-09-20 14:39:00,SH009N0002_ACSR000001,2,0.00036622587,0.000102007456,0,0
2025-09-20 14:39:00,SH009N0002_ACSR000001,3,0.00050299143,0.00017873353,0,0
2025-09-20 14:39:00,SH009N0002_ACSR000001,4,0.00029392834,0.00015417564,0,0
2025-09-20 14:39:00,SH009N0002_ACSR000001,5,2.300415e-05,2.300415e-05,0,0
2025-09-20 14:39:00,SH009N0002_ACSR000001,6,2.300415e-05,2.300415e-05,0,0
2025-09-20 14:39:00,SH009N0002_ACSR000001,7,2.300415e-05,2.300415e-05,0,0
2025-09-20 14:39:00,SH009N0002_ACSR000001,8,2.300415e-05,2.300415e-05,0,0
2025-09-20 14:39:00,SH009N0002_ACSR000001,9,2.300415e-05,2.300415e-05,0,0
2025-09-20 14:39:00,SH009N0002_ACSR000002,1,0.0001996162,0.00010215577,0,1
2025-09-20 14:39:00,SH009N0002_ACSR000002,2,0.00013195953,0.00016720005,1,1
2025-09-20 14:39:00,SH009N0002_ACSR000002,3,0.00018803605,0.00018101161,0,1
2025-09-20 14:39:00,SH009N0002_ACSR000002,4,0.00027338284,0.0006146815,1,1
2025-09-20 14:39:00,SH009N0002_ACSR000002,5,2.300415e-05,2.300415e-05,0,1
2025-09-20 14:39:00,SH009N0002_ACSR000002,6,2.300415e-05,2.300415e-05,0,1
2025-09-20 14:39:00,SH009N0002_ACSR000002,7,2.300415e-05,2.300415e-05,0,1
2025-09-20 14:39:00,SH009N0002_ACSR000002,8,2.300415e-05,2.300415e-05,0,1
2025-09-20 14:39:00,SH009N0002_ACSR000002,9,2.300415e-05,2.300415e-05,0,1
2025-09-20 14:39:00,SH009N0002_ACSR000003,1,0.00024016252,0.000112408496,0,0
2025-09-20 14:39:00,SH009N0002_ACSR000003,2,0.00015578177,0.0001258542,0,0
2025-09-20 14:39:00,SH009N0002_ACSR000003,3,0.0002642753,0.0001279464,0,0
2025-09-20 14:39:00,SH009N0002_ACSR000003,4,0.0013859438,0.00032505638,0,0
2025-09-20 14:39:00,SH009N0002_ACSR000003,5,2.300415e-05,2.300415e-05,0,0
2025-09-20 14:39:00,SH009N0002_ACSR000003,6,2.300415e-05,2.300415e-05,0,0
2025-09-20 14:39:00,SH009N0002_ACSR000003,7,2.300415e-05,2.300415e-05,0,0
2025-09-20 14:39:00,SH009N0002_ACSR000003,8,2.300415e-05,2.300415e-05,0,0
2025-09-20 14:39:00,SH009N0002_ACSR000003,9,2.300415e-05,2.300415e-05,0,0
2025-09-20 14:39:00,SH009N0002_ACSR000004,1,0.00023423308,0.00010674865,0,1
2025-09-20 14:39:00,SH009N0002_ACSR000004,2,0.00029560315,0.00037744196,1,1
2025-09-20 14:39:00,SH009N0002_ACSR000004,3,0.0002202396,0.00017437557,0,1
2025-09-20 14:39:00,SH009N0002_ACSR000004,4,0.00027846597,9.522141e-05,0,1
2025-09-20 14:39:00,SH009N0002_ACSR000004,5,2.300415e-05,2.300415e-05,0,1
2025-09-20 14:39:00,SH009N0002_ACSR000004,6,2.300415e-05,2.300415e-05,0,1
2025-09-20 14:39:00,SH009N0002_ACSR000004,7,2.300415e-05,2.300415e-05,0,1
2025-09-20 14:39:00,SH009N0002_ACSR000004,8,2.300415e-05,2.300415e-05,0,1
2025-09-20 14:39:00,SH009N0002_ACSR000004,9,2.300415e-05,2.300415e-05,0,1
2025-09-20 14:39:00,SH009N0003_ACSR000001,1,0.00011245724,0.00010712965,0,0
2025-09-20 14:39:00,SH009N0003_ACSR000001,2,0.0003651643,0.00022245666,0,0
2025-09-20 14:39:00,SH009N0003_ACSR000001,3,0.00031354686,9.649173e-05,0,0
2025-09-20 14:39:00,SH009N0003_ACSR000001,4,0.0002751922,0.00020289379,0,0
2025-09-20 14:39:00,SH009N0003_ACSR000001,5,2.300415e-05,2.300415e-05,0,0
2025-09-20 14:39:00,SH009N0003_ACSR000001,6,2.300415e-05,2.300415e-05,0,0
2025-09-20 14:39:00,SH009N0003_ACSR000001,7,2.300415e-05,2.300415e-05,0,0
2025-09-20 14:39:00,SH009N0003_ACSR000001,8,2.300415e-05,2.300415e-05,0,0
2025-09-20 14:39:00,SH009N0003_ACSR000001,9,2.300415e-05,2.300415e-05,0,0
2025-09-20 14:39:00,SH009N0003_ACSR000002,1,0.0020518852,8.2859064e-05,0,0
2025-09-20 14:39:00,SH009N0003_ACSR000002,2,0.00015591041,0.00013758337,0,0
2025-09-20 14:39:00,SH009N0003_ACSR000002,3,2.300415e-05,2.300415e-05,0,0
2025-09-20 14:39:00,SH009N0003_ACSR000002,4,2.300415e-05,2.300415e-05,0,0
2025-09-20 14:39:00,SH009N0003_ACSR000002,5,2.300415e-05,2.300415e-05,0,0
2025-09-20 14:39:00,SH009N0003_ACSR000002,6,2.300415e-05,2.300415e-05,0,0
2025-09-20 14:39:00,SH009N0003_ACSR000002,7,2.300415e-05,2.300415e-05,0,0
2025-09-20 14:39:00,SH009N0003_ACSR000002,8,2.300415e-05,2.300415e-05,0,0
2025-09-20 14:39:00,SH009N0003_ACSR000002,9,2.300415e-05,2.300415e-05,0,0
2025-09-20 14:39:00,SH009N0003_ACSR000003,1,0.0002196528,9.944329e-05,0,1
2025-09-20 14:39:00,SH009N0003_ACSR000003,2,0.00034290113,0.00043083355,1,1
2025-09-20 14:39:00,SH009N0003_ACSR000003,3,0.00019345114,7.814964e-05,0,1
2025-09-20 14:39:00,SH009N0003_ACSR000003,4,0.00021360526,0.0001902937,0,1
2025-09-20 14:39:00,SH009N0003_ACSR000003,5,2.300415e-05,2.300415e-05,0,1
2025-09-20 14:39:00,SH009N0003_ACSR000003,6,2.300415e-05,2.300415e-05,0,1
2025-09-20 14:39:00,SH009N0003_ACSR000003,7,2.300415e-05,2.300415e-05,0,1
2025-09-20 14:39:00,SH009N0003_ACSR000003,8,2.300415e-05,2.300415e-05,0,1
2025-09-20 14:39:00,SH009N0003_ACSR000003,9,2.300415e-05,2.300415e-05,0,1
2025-09-20 14:39:00,SH009N0003_ACSR000004,1,0.0008990847,9.212852e-05,0,0
2025-09-20 14:39:00,SH009N0003_ACSR000004,2,0.0025336454,8.396479e-05,0,0
2025-09-20 14:39:00,SH009N0003_ACSR000004,3,2.300415e-05,2.300415e-05,0,0
2025-09-20 14:39:00,SH009N0003_ACSR000004,4,2.300415e-05,2.300415e-05,0,0
2025-09-20 14:39:00,SH009N0003_ACSR000004,5,2.300415e-05,2.300415e-05,0,0
2025-09-20 14:39:00,SH009N0003_ACSR000004,6,2.300415e-05,2.300415e-05,0,0
2025-09-20 14:39:00,SH009N0003_ACSR000004,7,2.300415e-05,2.300415e-05,0,0
2025-09-20 14:39:00,SH009N0003_ACSR000004,8,2.300415e-05,2.300415e-05,0,0
2025-09-20 14:39:00,SH009N0003_ACSR000004,9,2.300415e-05,2.300415e-05,0,0
2025-09-20 14:39:00,SH009N0004_ACSR000001,1,0.015413037,0.00015119681,0,0
2025-09-20 14:39:00,SH009N0004_ACSR000001,2,0.00025979293,9.306577e-05,0,0
2025-09-20 14:39:00,SH009N0004_ACSR000001,3,0.001308867,8.0076636e-05,0,0
2025-09-20 14:39:00,SH009N0004_ACSR000001,4,4.222004e-05,4.222004e-05,0,0
2025-09-20 14:39:00,SH009N0004_ACSR000001,5,2.300415e-05,2.300415e-05,0,0
2025-09-20 14:39:00,SH009N0004_ACSR000001,6,2.300415e-05,2.300415e-05,0,0
2025-09-20 14:39:00,SH009N0004_ACSR000001,7,2.300415e-05,2.300415e-05,0,0
2025-09-20 14:39:00,SH009N0004_ACSR000001,8,2.300415e-05,2.300415e-05,0,0
2025-09-20 14:39:00,SH009N0004_ACSR000001,9,2.300415e-05,2.300415e-05,0,0
2025-09-20 14:39:00,SH009N0004_ACSR000002,1,0.00025024664,0.0019702022,1,1
2025-09-20 14:39:00,SH009N0004_ACSR000002,2,0.00024960216,0.00019048639,0,1
2025-09-20 14:39:00,SH009N0004_ACSR000002,3,2.300415e-05,2.300415e-05,0,1
2025-09-20 14:39:00,SH009N0004_ACSR000002,4,2.300415e-05,2.300415e-05,0,1
2025-09-20 14:39:00,SH009N0004_ACSR000002,5,2.300415e-05,2.300415e-05,0,1
2025-09-20 14:39:00,SH009N0004_ACSR000002,6,2.300415e-05,2.300415e-05,0,1
2025-09-20 14:39:00,SH009N0004_ACSR000002,7,2.300415e-05,2.300415e-05,0,1
2025-09-20 14:39:00,SH009N0004_ACSR000002,8,2.300415e-05,2.300415e-05,0,1
2025-09-20 14:39:00,SH009N0004_ACSR000002,9,2.300415e-05,2.300415e-05,0,1
2025-09-20 14:39:00,SH009N0004_ACSR000003,1,0.00014130659,0.00013951375,0,0
2025-09-20 14:39:00,SH009N0004_ACSR000003,2,0.00050418946,0.00046498378,0,0
2025-09-20 14:39:00,SH009N0004_ACSR000003,3,0.00029278014,0.00010514364,0,0
2025-09-20 14:39:00,SH009N0004_ACSR000003,4,0.029577803,0.00011268935,0,0
2025-09-20 14:39:00,SH009N0004_ACSR000003,5,2.300415e-05,2.300415e-05,0,0
2025-09-20 14:39:00,SH009N0004_ACSR000003,6,2.300415e-05,2.300415e-05,0,0
2025-09-20 14:39:00,SH009N0004_ACSR000003,7,2.300415e-05,2.300415e-05,0,0
2025-09-20 14:39:00,SH009N0004_ACSR000003,8,2.300415e-05,2.300415e-05,0,0
2025-09-20 14:39:00,SH009N0004_ACSR000003,9,2.300415e-05,2.300415e-05,0,0
2025-09-20 14:39:00,SH009N0004_ACSR000004,1,0.00011415484,9.820792e-05,0,0
2025-09-20 14:39:00,SH009N0004_ACSR000004,2,0.003252018,0.002407604,0,0
2025-09-20 14:39:00,SH009N0004_ACSR000004,3,2.300415e-05,2.300415e-05,0,0
2025-09-20 14:39:00,SH009N0004_ACSR000004,4,2.300415e-05,2.300415e-05,0,0
2025-09-20 14:39:00,SH009N0004_ACSR000004,5,2.300415e-05,2.300415e-05,0,0
2025-09-20 14:39:00,SH009N0004_ACSR000004,6,2.300415e-05,2.300415e-05,0,0
2025-09-20 14:39:00,SH009N0004_ACSR000004,7,2.300415e-05,2.300415e-05,0,0
2025-09-20 14:39:00,SH009N0004_ACSR000004,8,2.300415e-05,2.300415e-05,0,0
2025-09-20 14:39:00,SH009N0004_ACSR000004,9,2.300415e-05,2.300415e-05,0,0
2025-09-20 14:39:00,SH009N0005_ACSR000001,1,0.0010107849,0.0010046118,0,0
2025-09-20 14:39:00,SH009N0005_ACSR000001,2,0.00029118272,9.17494e-05,0,0
2025-09-20 14:39:00,SH009N0005_ACSR000001,3,0.0034284366,4.1332973e-05,0,0
2025-09-20 14:39:00,SH009N0005_ACSR000001,4,0.00070657156,0.0002737315,0,0
2025-09-20 14:39:00,SH009N0005_ACSR000001,5,2.300415e-05,2.300415e-05,0,0
2025-09-20 14:39:00,SH009N0005_ACSR000001,6,2.300415e-05,2.300415e-05,0,0
2025-09-20 14:39:00,SH009N0005_ACSR000001,7,2.300415e-05,2.300415e-05,0,0
2025-09-20 14:39:00,SH009N0005_ACSR000001,8,2.300415e-05,2.300415e-05,0,0
2025-09-20 14:39:00,SH009N0005_ACSR000001,9,2.300415e-05,2.300415e-05,0,0
2025-09-20 14:39:00,SH009N0005_ACSR000002,1,0.00031865036,0.0014678182,1,1
2025-09-20 14:39:00,SH009N0005_ACSR000002,2,0.00019135616,3.9947226e-05,0,1
2025-09-20 14:39:00,SH009N0005_ACSR000002,3,2.300415e-05,2.300415e-05,0,1
2025-09-20 14:39:00,SH009N0005_ACSR000002,4,2.300415e-05,2.300415e-05,0,1
2025-09-20 14:39:00,SH009N0005_ACSR000002,5,2.300415e-05,2.300415e-05,0,1
2025-09-20 14:39:00,SH009N0005_ACSR000002,6,2.300415e-05,2.300415e-05,0,1
2025-09-20 14:39:00,SH009N0005_ACSR000002,7,2.300415e-05,2.300415e-05,0,1
2025-09-20 14:39:00,SH009N0005_ACSR000002,8,2.300415e-05,2.300415e-05,0,1
2025-09-20 14:39:00,SH009N0005_ACSR000002,9,2.300415e-05,2.300415e-05,0,1
2025-09-20 14:39:00,SH009N0005_ACSR000003,1,0.0006373654,0.0001542529,0,1
2025-09-20 14:39:00,SH009N0005_ACSR000003,2,0.0002505113,0.0002620861,1,1
2025-09-20 14:39:00,SH009N0005_ACSR000003,3,0.00045123277,0.00041145374,0,1
2025-09-20 14:39:00,SH009N0005_ACSR000003,4,0.00023211991,8.7892855e-05,0,1
2025-09-20 14:39:00,SH009N0005_ACSR000003,5,2.300415e-05,2.300415e-05,0,1
2025-09-20 14:39:00,SH009N0005_ACSR000003,6,2.300415e-05,2.300415e-05,0,1
2025-09-20 14:39:00,SH009N0005_ACSR000003,7,2.300415e-05,2.300415e-05,0,1
2025-09-20 14:39:00,SH009N0005_ACSR000003,8,2.300415e-05,2.300415e-05,0,1
2025-09-20 14:39:00,SH009N0005_ACSR000003,9,2.300415e-05,2.300415e-05,0,1
2025-09-20 14:39:00,SH009N0005_ACSR000004,1,0.00086404686,0.00028779975,0,0
2025-09-20 14:39:00,SH009N0005_ACSR000004,2,0.0005851345,0.00016086972,0,0
2025-09-20 14:39:00,SH009N0005_ACSR000004,3,2.300415e-05,2.300415e-05,0,0
2025-09-20 14:39:00,SH009N0005_ACSR000004,4,2.300415e-05,2.300415e-05,0,0
2025-09-20 14:39:00,SH009N0005_ACSR000004,5,2.300415e-05,2.300415e-05,0,0
2025-09-20 14:39:00,SH009N0005_ACSR000004,6,2.300415e-05,2.300415e-05,0,0
2025-09-20 14:39:00,SH009N0005_ACSR000004,7,2.300415e-05,2.300415e-05,0,0
2025-09-20 14:39:00,SH009N0005_ACSR000004,8,2.300415e-05,2.300415e-05,0,0
2025-09-20 14:39:00,SH009N0005_ACSR000004,9,2.3004262e-05,2.300415e-05,0,0
